name,id,Name,types,HP,attack,defense,SpA,SpD,speed,Ability0,HiddenAbility,Image Name
bulbasaur,1,Bulbasaur,"Grass, Poison",45,49,49,65,65,45,Overgrow,Chlorophyll,bulbasaur.png
ivysaur,2,Ivysaur,"Grass, Poison",60,62,63,80,80,60,Overgrow,Chlorophyll,ivysaur.png
venusaur,3,Venusaur,"Grass, Poison",80,82,83,100,100,80,Overgrow,Chlorophyll,venusaur.png
charmander,4,Charmander,Fire,39,52,43,60,50,65,Blaze,Solar Power,charmander.png
charmeleon,5,Charmeleon,Fire,58,64,58,80,65,80,Blaze,Solar Power,charmeleon.png
charizard,6,Charizard,"Fire, Flying",78,84,78,109,85,100,Blaze,Solar Power,charizard.png
squirtle,7,Squirtle,Water,44,48,65,50,64,43,Torrent,Rain Dish,squirtle.png
wartortle,8,Wartortle,Water,59,63,80,65,80,58,Torrent,Rain Dish,wartortle.png
blastoise,9,Blastoise,Water,79,83,100,85,105,78,Torrent,Rain Dish,blastoise.png
caterpie,10,Caterpie,Bug,45,30,35,20,20,45,Shield Dust,Run Away,caterpie.png
metapod,11,Metapod,Bug,50,20,55,25,25,30,Shed Skin,,metapod.png
butterfree,12,Butterfree,"Bug, Flying",60,45,50,90,80,70,Compound Eyes,Tinted Lens,butterfree.png
weedle,13,Weedle,"Bug, Poison",40,35,30,20,20,50,Shield Dust,Run Away,weedle.png
kakuna,14,Kakuna,"Bug, Poison",45,25,50,25,25,35,Shed Skin,,kakuna.png
beedrill,15,Beedrill,"Bug, Poison",65,90,40,45,80,75,Swarm,Sniper,beedrill.png
pidgey,16,Pidgey,"Normal, Flying",40,45,40,35,35,56,Keen Eye,Big Pecks,pidgey.png
pidgeotto,17,Pidgeotto,"Normal, Flying",63,60,55,50,50,71,Keen Eye,Big Pecks,pidgeotto.png
pidgeot,18,Pidgeot,"Normal, Flying",83,80,75,70,70,101,Keen Eye,Big Pecks,pidgeot.png
rattata,19,Rattata,Normal,30,56,35,25,35,72,Run Away,Hustle,rattata.png
raticate,20,Raticate,Normal,55,81,60,50,70,97,Run Away,Hustle,raticate.png
spearow,21,Spearow,"Normal, Flying",40,60,30,31,31,70,Keen Eye,Sniper,spearow.png
fearow,22,Fearow,"Normal, Flying",65,90,65,61,61,100,Keen Eye,Sniper,fearow.png
ekans,23,Ekans,Poison,35,60,44,40,54,55,Intimidate,Unnerve,ekans.png
arbok,24,Arbok,Poison,60,95,69,65,79,80,Intimidate,Unnerve,arbok.png
pikachu,25,Pikachu,Electric,35,55,40,50,50,90,Static,Lightning Rod,pikachu.png
raichu,26,Raichu,Electric,60,90,55,90,80,110,Static,Lightning Rod,raichu.png
sandshrew,27,Sandshrew,Ground,50,75,85,20,30,40,Sand Veil,Sand Rush,sandshrew.png
sandslash,28,Sandslash,Ground,75,100,110,45,55,65,Sand Veil,Sand Rush,sandslash.png
nidoranf,29,Nidoran-F,Poison,55,47,52,40,40,41,Poison Point,Hustle,nidoran-f.png
nidorina,30,Nidorina,Poison,70,62,67,55,55,56,Poison Point,Hustle,nidorina.png
nidoqueen,31,Nidoqueen,"Poison, Ground",90,92,87,75,85,76,Poison Point,Sheer Force,nidoqueen.png
nidoranm,32,Nidoran-M,Poison,46,57,40,40,40,50,Poison Point,Hustle,nidoran-m.png
nidorino,33,Nidorino,Poison,61,72,57,55,55,65,Poison Point,Hustle,nidorino.png
nidoking,34,Nidoking,"Poison, Ground",81,102,77,85,75,85,Poison Point,Sheer Force,nidoking.png
clefairy,35,Clefairy,Fairy,70,45,48,60,65,35,Cute Charm,Friend Guard,clefairy.png
clefable,36,Clefable,Fairy,95,70,73,95,90,60,Cute Charm,Unaware,clefable.png
vulpix,37,Vulpix,Fire,38,41,40,50,65,65,Flash Fire,Drought,vulpix.png
ninetales,38,Ninetales,Fire,73,76,75,81,100,100,Flash Fire,Drought,ninetales.png
jigglypuff,39,Jigglypuff,"Normal, Fairy",115,45,20,45,25,20,Cute Charm,Friend Guard,jigglypuff.png
wigglytuff,40,Wigglytuff,"Normal, Fairy",140,70,45,85,50,45,Cute Charm,Frisk,wigglytuff.png
zubat,41,Zubat,"Poison, Flying",40,45,35,30,40,55,Inner Focus,Infiltrator,zubat.png
golbat,42,Golbat,"Poison, Flying",75,80,70,65,75,90,Inner Focus,Infiltrator,golbat.png
oddish,43,Oddish,"Grass, Poison",45,50,55,75,65,30,Chlorophyll,Run Away,oddish.png
gloom,44,Gloom,"Grass, Poison",60,65,70,85,75,40,Chlorophyll,Stench,gloom.png
vileplume,45,Vileplume,"Grass, Poison",75,80,85,110,90,50,Chlorophyll,Effect Spore,vileplume.png
paras,46,Paras,"Bug, Grass",35,70,55,45,55,25,Effect Spore,Damp,paras.png
parasect,47,Parasect,"Bug, Grass",60,95,80,60,80,30,Effect Spore,Damp,parasect.png
venonat,48,Venonat,"Bug, Poison",60,55,50,40,55,45,Compound Eyes,Run Away,venonat.png
venomoth,49,Venomoth,"Bug, Poison",70,65,60,90,75,90,Shield Dust,Wonder Skin,venomoth.png
diglett,50,Diglett,Ground,10,55,25,35,45,95,Sand Veil,Sand Force,diglett.png
dugtrio,51,Dugtrio,Ground,35,100,50,50,70,120,Sand Veil,Sand Force,dugtrio.png
meowth,52,Meowth,Normal,40,45,35,40,40,90,Pickup,Unnerve,meowth.png
persian,53,Persian,Normal,65,70,60,65,65,115,Limber,Unnerve,persian.png
psyduck,54,Psyduck,Water,50,52,48,65,50,55,Damp,Swift Swim,psyduck.png
golduck,55,Golduck,Water,80,82,78,95,80,85,Damp,Swift Swim,golduck.png
mankey,56,Mankey,Fighting,40,80,35,35,45,70,Vital Spirit,Defiant,mankey.png
primeape,57,Primeape,Fighting,65,105,60,60,70,95,Vital Spirit,Defiant,primeape.png
growlithe,58,Growlithe,Fire,55,70,45,70,50,60,Intimidate,Justified,growlithe.png
arcanine,59,Arcanine,Fire,90,110,80,100,80,95,Intimidate,Justified,arcanine.png
poliwag,60,Poliwag,Water,40,50,40,40,40,90,Water Absorb,Swift Swim,poliwag.png
poliwhirl,61,Poliwhirl,Water,65,65,65,50,50,90,Water Absorb,Swift Swim,poliwhirl.png
poliwrath,62,Poliwrath,"Water, Fighting",90,95,95,70,90,70,Water Absorb,Swift Swim,poliwrath.png
abra,63,Abra,Psychic,25,20,15,105,55,90,Synchronize,Magic Guard,abra.png
kadabra,64,Kadabra,Psychic,40,35,30,120,70,105,Synchronize,Magic Guard,kadabra.png
alakazam,65,Alakazam,Psychic,55,50,45,135,95,120,Synchronize,Magic Guard,alakazam.png
machop,66,Machop,Fighting,70,80,50,35,35,35,Guts,Steadfast,machop.png
machoke,67,Machoke,Fighting,80,100,70,50,60,45,Guts,Steadfast,machoke.png
machamp,68,Machamp,Fighting,90,130,80,65,85,55,Guts,Steadfast,machamp.png
bellsprout,69,Bellsprout,"Grass, Poison",50,75,35,70,30,40,Chlorophyll,Gluttony,bellsprout.png
weepinbell,70,Weepinbell,"Grass, Poison",65,90,50,85,45,55,Chlorophyll,Gluttony,weepinbell.png
victreebel,71,Victreebel,"Grass, Poison",80,105,65,100,70,70,Chlorophyll,Gluttony,victreebel.png
tentacool,72,Tentacool,"Water, Poison",40,40,35,50,100,70,Clear Body,Rain Dish,tentacool.png
tentacruel,73,Tentacruel,"Water, Poison",80,70,65,80,120,100,Clear Body,Rain Dish,tentacruel.png
geodude,74,Geodude,"Rock, Ground",40,80,100,30,30,20,Rock Head,Sand Veil,geodude.png
graveler,75,Graveler,"Rock, Ground",55,95,115,45,45,35,Rock Head,Sand Veil,graveler.png
golem,76,Golem,"Rock, Ground",80,120,130,55,65,45,Rock Head,Sand Veil,golem.png
ponyta,77,Ponyta,Fire,50,85,55,65,65,90,Run Away,Flame Body,ponyta.png
rapidash,78,Rapidash,Fire,65,100,70,80,80,105,Run Away,Flame Body,rapidash.png
slowpoke,79,Slowpoke,"Water, Psychic",90,65,65,40,40,15,Oblivious,Regenerator,slowpoke.png
slowbro,80,Slowbro,"Water, Psychic",95,75,110,100,80,30,Oblivious,Regenerator,slowbro.png
magnemite,81,Magnemite,"Electric, Steel",25,35,70,95,55,45,Magnet Pull,Analytic,magnemite.png
magneton,82,Magneton,"Electric, Steel",50,60,95,120,70,70,Magnet Pull,Analytic,magneton.png
farfetchd,83,Farfetchd,"Normal, Flying",52,90,55,58,62,60,Keen Eye,Defiant,farfetchd.png
doduo,84,Doduo,"Normal, Flying",35,85,45,35,35,75,Run Away,Tangled Feet,doduo.png
dodrio,85,Dodrio,"Normal, Flying",60,110,70,60,60,110,Run Away,Tangled Feet,dodrio.png
seel,86,Seel,Water,65,45,55,45,70,45,Thick Fat,Ice Body,seel.png
dewgong,87,Dewgong,"Water, Ice",90,70,80,70,95,70,Thick Fat,Ice Body,dewgong.png
grimer,88,Grimer,Poison,80,80,50,40,50,25,Stench,Poison Touch,grimer.png
muk,89,Muk,Poison,105,105,75,65,100,50,Stench,Poison Touch,muk.png
shellder,90,Shellder,Water,30,65,100,45,25,40,Shell Armor,Overcoat,shellder.png
cloyster,91,Cloyster,"Water, Ice",50,95,180,85,45,70,Shell Armor,Overcoat,cloyster.png
gastly,92,Gastly,"Ghost, Poison",30,35,30,100,35,80,Levitate,,gastly.png
haunter,93,Haunter,"Ghost, Poison",45,50,45,115,55,95,Levitate,,haunter.png
gengar,94,Gengar,"Ghost, Poison",60,65,60,130,75,110,Cursed Body,,gengar.png
onix,95,Onix,"Rock, Ground",35,45,160,30,45,70,Rock Head,Weak Armor,onix.png
drowzee,96,Drowzee,Psychic,60,48,45,43,90,42,Insomnia,Inner Focus,drowzee.png
hypno,97,Hypno,Psychic,85,73,70,73,115,67,Insomnia,Inner Focus,hypno.png
krabby,98,Krabby,Water,30,105,90,25,25,50,Hyper Cutter,Sheer Force,krabby.png
kingler,99,Kingler,Water,55,130,115,50,50,75,Hyper Cutter,Sheer Force,kingler.png
voltorb,100,Voltorb,Electric,40,30,50,55,55,100,Soundproof,Aftermath,voltorb.png
electrode,101,Electrode,Electric,60,50,70,80,80,150,Soundproof,Aftermath,electrode.png
exeggcute,102,Exeggcute,"Grass, Psychic",60,40,80,60,45,40,Chlorophyll,Harvest,exeggcute.png
exeggutor,103,Exeggutor,"Grass, Psychic",95,95,85,125,75,55,Chlorophyll,Harvest,exeggutor.png
cubone,104,Cubone,Ground,50,50,95,40,50,35,Rock Head,Battle Armor,cubone.png
marowak,105,Marowak,Ground,60,80,110,50,80,45,Rock Head,Battle Armor,marowak.png
hitmonlee,106,Hitmonlee,Fighting,50,120,53,35,110,87,Limber,Unburden,hitmonlee.png
hitmonchan,107,Hitmonchan,Fighting,50,105,79,35,110,76,Keen Eye,Inner Focus,hitmonchan.png
lickitung,108,Lickitung,Normal,90,55,75,60,75,30,Own Tempo,Cloud Nine,lickitung.png
koffing,109,Koffing,Poison,40,65,95,60,45,35,Levitate,Stench,koffing.png
weezing,110,Weezing,Poison,65,90,120,85,70,60,Levitate,Stench,weezing.png
rhyhorn,111,Rhyhorn,"Ground, Rock",80,85,95,30,30,25,Lightning Rod,Reckless,rhyhorn.png
rhydon,112,Rhydon,"Ground, Rock",105,130,120,45,45,40,Lightning Rod,Reckless,rhydon.png
chansey,113,Chansey,Normal,250,5,5,35,105,50,Natural Cure,Healer,chansey.png
tangela,114,Tangela,Grass,65,55,115,100,40,60,Chlorophyll,Regenerator,tangela.png
kangaskhan,115,Kangaskhan,Normal,105,95,80,40,80,90,Early Bird,Inner Focus,kangaskhan.png
horsea,116,Horsea,Water,30,40,70,70,25,60,Swift Swim,Damp,horsea.png
seadra,117,Seadra,Water,55,65,95,95,45,85,Poison Point,Damp,seadra.png
goldeen,118,Goldeen,Water,45,67,60,35,50,63,Swift Swim,Lightning Rod,goldeen.png
seaking,119,Seaking,Water,80,92,65,65,80,68,Swift Swim,Lightning Rod,seaking.png
staryu,120,Staryu,Water,30,45,55,70,55,85,Illuminate,Analytic,staryu.png
starmie,121,Starmie,"Water, Psychic",60,75,85,100,85,115,Illuminate,Analytic,starmie.png
mrmime,122,Mr. Mime,"Psychic, Fairy",40,45,65,100,120,90,Soundproof,Technician,mr-mime.png
scyther,123,Scyther,"Bug, Flying",70,110,80,55,80,105,Swarm,Steadfast,scyther.png
jynx,124,Jynx,"Ice, Psychic",65,50,35,115,95,95,Oblivious,Dry Skin,jynx.png
electabuzz,125,Electabuzz,Electric,65,83,57,95,85,105,Static,Vital Spirit,electabuzz.png
magmar,126,Magmar,Fire,65,95,57,100,85,93,Flame Body,Vital Spirit,magmar.png
pinsir,127,Pinsir,Bug,65,125,100,55,70,85,Hyper Cutter,Moxie,pinsir.png
tauros,128,Tauros,Normal,75,100,95,40,70,110,Intimidate,Sheer Force,tauros.png
magikarp,129,Magikarp,Water,20,10,55,15,20,80,Swift Swim,Rattled,magikarp.png
gyarados,130,Gyarados,"Water, Flying",95,125,79,60,100,81,Intimidate,Moxie,gyarados.png
lapras,131,Lapras,"Water, Ice",130,85,80,85,95,60,Water Absorb,Hydration,lapras.png
ditto,132,Ditto,Normal,48,48,48,48,48,48,Limber,Imposter,ditto.png
eevee,133,Eevee,Normal,55,55,50,45,65,55,Run Away,Anticipation,eevee.png
vaporeon,134,Vaporeon,Water,130,65,60,110,95,65,Water Absorb,Hydration,vaporeon.png
jolteon,135,Jolteon,Electric,65,65,60,110,95,130,Volt Absorb,Quick Feet,jolteon.png
flareon,136,Flareon,Fire,65,130,60,95,110,65,Flash Fire,Guts,flareon.png
porygon,137,Porygon,Normal,65,60,70,85,75,40,Trace,Analytic,porygon.png
omanyte,138,Omanyte,"Rock, Water",35,40,100,90,55,35,Swift Swim,Weak Armor,omanyte.png
omastar,139,Omastar,"Rock, Water",70,60,125,115,70,55,Swift Swim,Weak Armor,omastar.png
kabuto,140,Kabuto,"Rock, Water",30,80,90,55,45,55,Swift Swim,Weak Armor,kabuto.png
kabutops,141,Kabutops,"Rock, Water",60,115,105,65,70,80,Swift Swim,Weak Armor,kabutops.png
aerodactyl,142,Aerodactyl,"Rock, Flying",80,105,65,60,75,130,Rock Head,Unnerve,aerodactyl.png
snorlax,143,Snorlax,Normal,160,110,65,65,110,30,Immunity,Gluttony,snorlax.png
articuno,144,Articuno,"Ice, Flying",90,85,100,95,125,85,Pressure,Snow Cloak,articuno.png
zapdos,145,Zapdos,"Electric, Flying",90,90,85,125,90,100,Pressure,Static,zapdos.png
moltres,146,Moltres,"Fire, Flying",90,100,90,125,85,90,Pressure,Flame Body,moltres.png
dratini,147,Dratini,Dragon,41,64,45,50,50,50,Shed Skin,Marvel Scale,dratini.png
dragonair,148,Dragonair,Dragon,61,84,65,70,70,70,Shed Skin,Marvel Scale,dragonair.png
dragonite,149,Dragonite,"Dragon, Flying",91,134,95,100,100,80,Inner Focus,Multiscale,dragonite.png
mewtwo,150,Mewtwo,Psychic,106,110,90,154,90,130,Pressure,Unnerve,mewtwo.png
mew,151,Mew,Psychic,100,100,100,100,100,100,Synchronize,,mew.png
chikorita,152,Chikorita,Grass,45,49,65,49,65,45,Overgrow,Leaf Guard,chikorita.png
bayleef,153,Bayleef,Grass,60,62,80,63,80,60,Overgrow,Leaf Guard,bayleef.png
meganium,154,Meganium,Grass,80,82,100,83,100,80,Overgrow,Leaf Guard,meganium.png
cyndaquil,155,Cyndaquil,Fire,39,52,43,60,50,65,Blaze,Flash Fire,cyndaquil.png
quilava,156,Quilava,Fire,58,64,58,80,65,80,Blaze,Flash Fire,quilava.png
typhlosion,157,Typhlosion,Fire,78,84,78,109,85,100,Blaze,Flash Fire,typhlosion.png
totodile,158,Totodile,Water,50,65,64,44,48,43,Torrent,Sheer Force,totodile.png
croconaw,159,Croconaw,Water,65,80,80,59,63,58,Torrent,Sheer Force,croconaw.png
feraligatr,160,Feraligatr,Water,85,105,100,79,83,78,Torrent,Sheer Force,feraligatr.png
sentret,161,Sentret,Normal,35,46,34,35,45,20,Run Away,Frisk,sentret.png
furret,162,Furret,Normal,85,76,64,45,55,90,Run Away,Frisk,furret.png
hoothoot,163,Hoothoot,"Normal, Flying",60,30,30,36,56,50,Insomnia,Tinted Lens,hoothoot.png
noctowl,164,Noctowl,"Normal, Flying",100,50,50,86,96,70,Insomnia,Tinted Lens,noctowl.png
ledyba,165,Ledyba,"Bug, Flying",40,20,30,40,80,55,Swarm,Rattled,ledyba.png
ledian,166,Ledian,"Bug, Flying",55,35,50,55,110,85,Swarm,Iron Fist,ledian.png
spinarak,167,Spinarak,"Bug, Poison",40,60,40,40,40,30,Swarm,Sniper,spinarak.png
ariados,168,Ariados,"Bug, Poison",70,90,70,60,70,40,Swarm,Sniper,ariados.png
crobat,169,Crobat,"Poison, Flying",85,90,80,70,80,130,Inner Focus,Infiltrator,crobat.png
chinchou,170,Chinchou,"Water, Electric",75,38,38,56,56,67,Volt Absorb,Water Absorb,chinchou.png
lanturn,171,Lanturn,"Water, Electric",125,58,58,76,76,67,Volt Absorb,Water Absorb,lanturn.png
pichu,172,Pichu,Electric,20,40,15,35,35,60,Static,Lightning Rod,pichu.png
cleffa,173,Cleffa,Fairy,50,25,28,45,55,15,Cute Charm,Friend Guard,cleffa.png
igglybuff,174,Igglybuff,"Normal, Fairy",90,30,15,40,20,15,Cute Charm,Friend Guard,igglybuff.png
togepi,175,Togepi,Fairy,35,20,65,40,65,20,Hustle,Super Luck,togepi.png
togetic,176,Togetic,"Fairy, Flying",55,40,85,80,105,40,Hustle,Super Luck,togetic.png
natu,177,Natu,"Psychic, Flying",40,50,45,70,45,70,Synchronize,Magic Bounce,natu.png
xatu,178,Xatu,"Psychic, Flying",65,75,70,95,70,95,Synchronize,Magic Bounce,xatu.png
mareep,179,Mareep,Electric,55,40,40,65,45,35,Static,Plus,mareep.png
flaaffy,180,Flaaffy,Electric,70,55,55,80,60,45,Static,Plus,flaaffy.png
ampharos,181,Ampharos,Electric,90,75,85,115,90,55,Static,Plus,ampharos.png
bellossom,182,Bellossom,Grass,75,80,95,90,100,50,Chlorophyll,Healer,bellossom.png
marill,183,Marill,"Water, Fairy",70,20,50,20,50,40,Thick Fat,Sap Sipper,marill.png
azumarill,184,Azumarill,"Water, Fairy",100,50,80,60,80,50,Thick Fat,Sap Sipper,azumarill.png
sudowoodo,185,Sudowoodo,Rock,70,100,115,30,65,30,Sturdy,Rattled,sudowoodo.png
politoed,186,Politoed,Water,90,75,75,90,100,70,Water Absorb,Drizzle,politoed.png
hoppip,187,Hoppip,"Grass, Flying",35,35,40,35,55,50,Chlorophyll,Infiltrator,hoppip.png
skiploom,188,Skiploom,"Grass, Flying",55,45,50,45,65,80,Chlorophyll,Infiltrator,skiploom.png
jumpluff,189,Jumpluff,"Grass, Flying",75,55,70,55,95,110,Chlorophyll,Infiltrator,jumpluff.png
aipom,190,Aipom,Normal,55,70,55,40,55,85,Run Away,Skill Link,aipom.png
sunkern,191,Sunkern,Grass,30,30,30,30,30,30,Chlorophyll,Early Bird,sunkern.png
sunflora,192,Sunflora,Grass,75,75,55,105,85,30,Chlorophyll,Early Bird,sunflora.png
yanma,193,Yanma,"Bug, Flying",65,65,45,75,45,95,Speed Boost,Frisk,yanma.png
wooper,194,Wooper,"Water, Ground",55,45,45,25,25,15,Damp,Unaware,wooper.png
quagsire,195,Quagsire,"Water, Ground",95,85,85,65,65,35,Damp,Unaware,quagsire.png
espeon,196,Espeon,Psychic,65,65,60,130,95,110,Synchronize,Magic Bounce,espeon.png
umbreon,197,Umbreon,Dark,95,65,110,60,130,65,Synchronize,Inner Focus,umbreon.png
murkrow,198,Murkrow,"Dark, Flying",60,85,42,85,42,91,Insomnia,Prankster,murkrow.png
slowking,199,Slowking,"Water, Psychic",95,75,80,100,110,30,Oblivious,Regenerator,slowking.png
misdreavus,200,Misdreavus,Ghost,60,60,60,85,85,85,Levitate,,misdreavus.png
unown,201,Unown,Psychic,48,72,48,72,48,48,Levitate,,unown.png
wobbuffet,202,Wobbuffet,Psychic,190,33,58,33,58,33,Shadow Tag,Telepathy,wobbuffet.png
girafarig,203,Girafarig,"Normal, Psychic",70,80,65,90,65,85,Inner Focus,Sap Sipper,girafarig.png
pineco,204,Pineco,Bug,50,65,90,35,35,15,Sturdy,Overcoat,pineco.png
forretress,205,Forretress,"Bug, Steel",75,90,140,60,60,40,Sturdy,Overcoat,forretress.png
dunsparce,206,Dunsparce,Normal,100,70,70,65,65,45,Serene Grace,Rattled,dunsparce.png
gligar,207,Gligar,"Ground, Flying",65,75,105,35,65,85,Hyper Cutter,Immunity,gligar.png
steelix,208,Steelix,"Steel, Ground",75,85,200,55,65,30,Rock Head,Sheer Force,steelix.png
snubbull,209,Snubbull,Fairy,60,80,50,40,40,30,Intimidate,Rattled,snubbull.png
granbull,210,Granbull,Fairy,90,120,75,60,60,45,Intimidate,Rattled,granbull.png
qwilfish,211,Qwilfish,"Water, Poison",65,95,85,55,55,85,Poison Point,Intimidate,qwilfish.png
scizor,212,Scizor,"Bug, Steel",70,130,100,55,80,65,Swarm,Light Metal,scizor.png
shuckle,213,Shuckle,"Bug, Rock",20,10,230,10,230,5,Sturdy,Contrary,shuckle.png
heracross,214,Heracross,"Bug, Fighting",80,125,75,40,95,85,Swarm,Moxie,heracross.png
sneasel,215,Sneasel,"Dark, Ice",55,95,55,35,75,115,Inner Focus,Pickpocket,sneasel.png
teddiursa,216,Teddiursa,Normal,60,80,50,50,50,40,Pickup,Honey Gather,teddiursa.png
ursaring,217,Ursaring,Normal,90,130,75,75,75,55,Guts,Unnerve,ursaring.png
slugma,218,Slugma,Fire,40,40,40,70,40,20,Magma Armor,Weak Armor,slugma.png
magcargo,219,Magcargo,"Fire, Rock",60,50,120,90,80,30,Magma Armor,Weak Armor,magcargo.png
swinub,220,Swinub,"Ice, Ground",50,50,40,30,30,50,Oblivious,Thick Fat,swinub.png
piloswine,221,Piloswine,"Ice, Ground",100,100,80,60,60,50,Oblivious,Thick Fat,piloswine.png
corsola,222,Corsola,"Water, Rock",65,55,95,65,95,35,Hustle,Regenerator,corsola.png
remoraid,223,Remoraid,Water,35,65,35,65,35,65,Hustle,Moody,remoraid.png
octillery,224,Octillery,Water,75,105,75,105,75,45,Suction Cups,Moody,octillery.png
delibird,225,Delibird,"Ice, Flying",45,55,45,65,45,75,Vital Spirit,Insomnia,delibird.png
mantine,226,Mantine,"Water, Flying",85,40,70,80,140,70,Swift Swim,Water Veil,mantine.png
skarmory,227,Skarmory,"Steel, Flying",65,80,140,40,70,70,Keen Eye,Weak Armor,skarmory.png
houndour,228,Houndour,"Dark, Fire",45,60,30,80,50,65,Early Bird,Unnerve,houndour.png
houndoom,229,Houndoom,"Dark, Fire",75,90,50,110,80,95,Early Bird,Unnerve,houndoom.png
kingdra,230,Kingdra,"Water, Dragon",75,95,95,95,95,85,Swift Swim,Damp,kingdra.png
phanpy,231,Phanpy,Ground,90,60,60,40,40,40,Pickup,Sand Veil,phanpy.png
donphan,232,Donphan,Ground,90,120,120,60,60,50,Sturdy,Sand Veil,donphan.png
porygon2,233,Porygon2,Normal,85,80,90,105,95,60,Trace,Analytic,porygon2.png
stantler,234,Stantler,Normal,73,95,62,85,65,85,Intimidate,Sap Sipper,stantler.png
smeargle,235,Smeargle,Normal,55,20,35,20,45,75,Own Tempo,Moody,smeargle.png
tyrogue,236,Tyrogue,Fighting,35,35,35,35,35,35,Guts,Vital Spirit,tyrogue.png
hitmontop,237,Hitmontop,Fighting,50,95,95,35,110,70,Intimidate,Steadfast,hitmontop.png
smoochum,238,Smoochum,"Ice, Psychic",45,30,15,85,65,65,Oblivious,Hydration,smoochum.png
elekid,239,Elekid,Electric,45,63,37,65,55,95,Static,Vital Spirit,elekid.png
magby,240,Magby,Fire,45,75,37,70,55,83,Flame Body,Vital Spirit,magby.png
miltank,241,Miltank,Normal,95,80,105,40,70,100,Thick Fat,Sap Sipper,miltank.png
blissey,242,Blissey,Normal,255,10,10,75,135,55,Natural Cure,Healer,blissey.png
raikou,243,Raikou,Electric,90,85,75,115,100,115,Pressure,Inner Focus,raikou.png
entei,244,Entei,Fire,115,115,85,90,75,100,Pressure,Inner Focus,entei.png
suicune,245,Suicune,Water,100,75,115,90,115,85,Pressure,Inner Focus,suicune.png
larvitar,246,Larvitar,"Rock, Ground",50,64,50,45,50,41,Guts,Sand Veil,larvitar.png
pupitar,247,Pupitar,"Rock, Ground",70,84,70,65,70,51,Shed Skin,,pupitar.png
tyranitar,248,Tyranitar,"Rock, Dark",100,134,110,95,100,61,Sand Stream,Unnerve,tyranitar.png
lugia,249,Lugia,"Psychic, Flying",106,90,130,90,154,110,Pressure,Multiscale,lugia.png
hooh,250,Ho-Oh,"Fire, Flying",106,130,90,110,154,90,Pressure,Regenerator,ho-oh.png
celebi,251,Celebi,"Psychic, Grass",100,100,100,100,100,100,Natural Cure,,celebi.png
treecko,252,Treecko,Grass,40,45,35,65,55,70,Overgrow,Unburden,treecko.png
grovyle,253,Grovyle,Grass,50,65,45,85,65,95,Overgrow,Unburden,grovyle.png
sceptile,254,Sceptile,Grass,70,85,65,105,85,120,Overgrow,Unburden,sceptile.png
torchic,255,Torchic,Fire,45,60,40,70,50,45,Blaze,Speed Boost,torchic.png
combusken,256,Combusken,"Fire, Fighting",60,85,60,85,60,55,Blaze,Speed Boost,combusken.png
blaziken,257,Blaziken,"Fire, Fighting",80,120,70,110,70,80,Blaze,Speed Boost,blaziken.png
mudkip,258,Mudkip,Water,50,70,50,50,50,40,Torrent,Damp,mudkip.png
marshtomp,259,Marshtomp,"Water, Ground",70,85,70,60,70,50,Torrent,Damp,marshtomp.png
swampert,260,Swampert,"Water, Ground",100,110,90,85,90,60,Torrent,Damp,swampert.png
poochyena,261,Poochyena,Dark,35,55,35,30,30,35,Run Away,Rattled,poochyena.png
mightyena,262,Mightyena,Dark,70,90,70,60,60,70,Intimidate,Moxie,mightyena.png
zigzagoon,263,Zigzagoon,Normal,38,30,41,30,41,60,Pickup,Quick Feet,zigzagoon.png
linoone,264,Linoone,Normal,78,70,61,50,61,100,Pickup,Quick Feet,linoone.png
wurmple,265,Wurmple,Bug,45,45,35,20,30,20,Shield Dust,Run Away,wurmple.png
silcoon,266,Silcoon,Bug,50,35,55,25,25,15,Shed Skin,,silcoon.png
beautifly,267,Beautifly,"Bug, Flying",60,70,50,100,50,65,Swarm,Rivalry,beautifly.png
cascoon,268,Cascoon,Bug,50,35,55,25,25,15,Shed Skin,,cascoon.png
dustox,269,Dustox,"Bug, Poison",60,50,70,50,90,65,Shield Dust,Compound Eyes,dustox.png
lotad,270,Lotad,"Water, Grass",40,30,30,40,50,30,Swift Swim,Own Tempo,lotad.png
lombre,271,Lombre,"Water, Grass",60,50,50,60,70,50,Swift Swim,Own Tempo,lombre.png
ludicolo,272,Ludicolo,"Water, Grass",80,70,70,90,100,70,Swift Swim,Own Tempo,ludicolo.png
seedot,273,Seedot,Grass,40,40,50,30,30,30,Chlorophyll,Pickpocket,seedot.png
nuzleaf,274,Nuzleaf,"Grass, Dark",70,70,40,60,40,60,Chlorophyll,Pickpocket,nuzleaf.png
shiftry,275,Shiftry,"Grass, Dark",90,100,60,90,60,80,Chlorophyll,Pickpocket,shiftry.png
taillow,276,Taillow,"Normal, Flying",40,55,30,30,30,85,Guts,Scrappy,taillow.png
swellow,277,Swellow,"Normal, Flying",60,85,60,75,50,125,Guts,Scrappy,swellow.png
wingull,278,Wingull,"Water, Flying",40,30,30,55,30,85,Keen Eye,Rain Dish,wingull.png
pelipper,279,Pelipper,"Water, Flying",60,50,100,95,70,65,Keen Eye,Rain Dish,pelipper.png
ralts,280,Ralts,"Psychic, Fairy",28,25,25,45,35,40,Synchronize,Telepathy,ralts.png
kirlia,281,Kirlia,"Psychic, Fairy",38,35,35,65,55,50,Synchronize,Telepathy,kirlia.png
gardevoir,282,Gardevoir,"Psychic, Fairy",68,65,65,125,115,80,Synchronize,Telepathy,gardevoir.png
surskit,283,Surskit,"Bug, Water",40,30,32,50,52,65,Swift Swim,Rain Dish,surskit.png
masquerain,284,Masquerain,"Bug, Flying",70,60,62,100,82,80,Intimidate,Unnerve,masquerain.png
shroomish,285,Shroomish,Grass,60,40,60,40,60,35,Effect Spore,Quick Feet,shroomish.png
breloom,286,Breloom,"Grass, Fighting",60,130,80,60,60,70,Effect Spore,Technician,breloom.png
slakoth,287,Slakoth,Normal,60,60,60,35,35,30,Truant,,slakoth.png
vigoroth,288,Vigoroth,Normal,80,80,80,55,55,90,Vital Spirit,,vigoroth.png
slaking,289,Slaking,Normal,150,160,100,95,65,100,Truant,,slaking.png
nincada,290,Nincada,"Bug, Ground",31,45,90,30,30,40,Compound Eyes,Run Away,nincada.png
ninjask,291,Ninjask,"Bug, Flying",61,90,45,50,50,160,Speed Boost,Infiltrator,ninjask.png
shedinja,292,Shedinja,"Bug, Ghost",1,90,45,30,30,40,Wonder Guard,,shedinja.png
whismur,293,Whismur,Normal,64,51,23,51,23,28,Soundproof,Rattled,whismur.png
loudred,294,Loudred,Normal,84,71,43,71,43,48,Soundproof,Scrappy,loudred.png
exploud,295,Exploud,Normal,104,91,63,91,73,68,Soundproof,Scrappy,exploud.png
makuhita,296,Makuhita,Fighting,72,60,30,20,30,25,Thick Fat,Sheer Force,makuhita.png
hariyama,297,Hariyama,Fighting,144,120,60,40,60,50,Thick Fat,Sheer Force,hariyama.png
azurill,298,Azurill,"Normal, Fairy",50,20,40,20,40,20,Thick Fat,Sap Sipper,azurill.png
nosepass,299,Nosepass,Rock,30,45,135,45,90,30,Sturdy,Sand Force,nosepass.png
skitty,300,Skitty,Normal,50,45,45,35,35,50,Cute Charm,Wonder Skin,skitty.png
delcatty,301,Delcatty,Normal,70,65,65,55,55,90,Cute Charm,Wonder Skin,delcatty.png
sableye,302,Sableye,"Dark, Ghost",50,75,75,65,65,50,Keen Eye,Prankster,sableye.png
mawile,303,Mawile,"Steel, Fairy",50,85,85,55,55,50,Hyper Cutter,Sheer Force,mawile.png
aron,304,Aron,"Steel, Rock",50,70,100,40,40,30,Sturdy,Heavy Metal,aron.png
lairon,305,Lairon,"Steel, Rock",60,90,140,50,50,40,Sturdy,Heavy Metal,lairon.png
aggron,306,Aggron,"Steel, Rock",70,110,180,60,60,50,Sturdy,Heavy Metal,aggron.png
meditite,307,Meditite,"Fighting, Psychic",30,40,55,40,55,60,Pure Power,Telepathy,meditite.png
medicham,308,Medicham,"Fighting, Psychic",60,60,75,60,75,80,Pure Power,Telepathy,medicham.png
electrike,309,Electrike,Electric,40,45,40,65,40,65,Static,Minus,electrike.png
manectric,310,Manectric,Electric,70,75,60,105,60,105,Static,Minus,manectric.png
plusle,311,Plusle,Electric,60,50,40,85,75,95,Plus,Lightning Rod,plusle.png
minun,312,Minun,Electric,60,40,50,75,85,95,Minus,Volt Absorb,minun.png
volbeat,313,Volbeat,Bug,65,73,75,47,85,85,Illuminate,Prankster,volbeat.png
illumise,314,Illumise,Bug,65,47,75,73,85,85,Oblivious,Prankster,illumise.png
roselia,315,Roselia,"Grass, Poison",50,60,45,100,80,65,Natural Cure,Leaf Guard,roselia.png
gulpin,316,Gulpin,Poison,70,43,53,43,53,40,Liquid Ooze,Gluttony,gulpin.png
swalot,317,Swalot,Poison,100,73,83,73,83,55,Liquid Ooze,Gluttony,swalot.png
carvanha,318,Carvanha,"Water, Dark",45,90,20,65,20,65,Rough Skin,Speed Boost,carvanha.png
sharpedo,319,Sharpedo,"Water, Dark",70,120,40,95,40,95,Rough Skin,Speed Boost,sharpedo.png
wailmer,320,Wailmer,Water,130,70,35,70,35,60,Water Veil,Pressure,wailmer.png
wailord,321,Wailord,Water,170,90,45,90,45,60,Water Veil,Pressure,wailord.png
numel,322,Numel,"Fire, Ground",60,60,40,65,45,35,Oblivious,Own Tempo,numel.png
camerupt,323,Camerupt,"Fire, Ground",70,100,70,105,75,40,Magma Armor,Anger Point,camerupt.png
torkoal,324,Torkoal,Fire,70,85,140,85,70,20,White Smoke,Shell Armor,torkoal.png
spoink,325,Spoink,Psychic,60,25,35,70,80,60,Thick Fat,Gluttony,spoink.png
grumpig,326,Grumpig,Psychic,80,45,65,90,110,80,Thick Fat,Gluttony,grumpig.png
spinda,327,Spinda,Normal,60,60,60,60,60,60,Own Tempo,Contrary,spinda.png
trapinch,328,Trapinch,Ground,45,100,45,45,45,10,Hyper Cutter,Sheer Force,trapinch.png
vibrava,329,Vibrava,"Ground, Dragon",50,70,50,50,50,70,Levitate,,vibrava.png
flygon,330,Flygon,"Ground, Dragon",80,100,80,80,80,100,Levitate,,flygon.png
cacnea,331,Cacnea,Grass,50,85,40,85,40,35,Sand Veil,Water Absorb,cacnea.png
cacturne,332,Cacturne,"Grass, Dark",70,115,60,115,60,55,Sand Veil,Water Absorb,cacturne.png
swablu,333,Swablu,"Normal, Flying",45,40,60,40,75,50,Natural Cure,Cloud Nine,swablu.png
altaria,334,Altaria,"Dragon, Flying",75,70,90,70,105,80,Natural Cure,Cloud Nine,altaria.png
zangoose,335,Zangoose,Normal,73,115,60,60,60,90,Immunity,Toxic Boost,zangoose.png
seviper,336,Seviper,Poison,73,100,60,100,60,65,Shed Skin,Infiltrator,seviper.png
lunatone,337,Lunatone,"Rock, Psychic",90,55,65,95,85,70,Levitate,,lunatone.png
solrock,338,Solrock,"Rock, Psychic",90,95,85,55,65,70,Levitate,,solrock.png
barboach,339,Barboach,"Water, Ground",50,48,43,46,41,60,Oblivious,Hydration,barboach.png
whiscash,340,Whiscash,"Water, Ground",110,78,73,76,71,60,Oblivious,Hydration,whiscash.png
corphish,341,Corphish,Water,43,80,65,50,35,35,Hyper Cutter,Adaptability,corphish.png
crawdaunt,342,Crawdaunt,"Water, Dark",63,120,85,90,55,55,Hyper Cutter,Adaptability,crawdaunt.png
baltoy,343,Baltoy,"Ground, Psychic",40,40,55,40,70,55,Levitate,,baltoy.png
claydol,344,Claydol,"Ground, Psychic",60,70,105,70,120,75,Levitate,,claydol.png
lileep,345,Lileep,"Rock, Grass",66,41,77,61,87,23,Suction Cups,Storm Drain,lileep.png
cradily,346,Cradily,"Rock, Grass",86,81,97,81,107,43,Suction Cups,Storm Drain,cradily.png
anorith,347,Anorith,"Rock, Bug",45,95,50,40,50,75,Battle Armor,Swift Swim,anorith.png
armaldo,348,Armaldo,"Rock, Bug",75,125,100,70,80,45,Battle Armor,Swift Swim,armaldo.png
feebas,349,Feebas,Water,20,15,20,10,55,80,Swift Swim,Adaptability,feebas.png
milotic,350,Milotic,Water,95,60,79,100,125,81,Marvel Scale,Cute Charm,milotic.png
castform,351,Castform,Normal,70,70,70,70,70,70,Forecast,,castform.png
kecleon,352,Kecleon,Normal,60,90,70,60,120,40,Color Change,Protean,kecleon.png
shuppet,353,Shuppet,Ghost,44,75,35,63,33,45,Insomnia,Cursed Body,shuppet.png
banette,354,Banette,Ghost,64,115,65,83,63,65,Insomnia,Cursed Body,banette.png
duskull,355,Duskull,Ghost,20,40,90,30,90,25,Levitate,Frisk,duskull.png
dusclops,356,Dusclops,Ghost,40,70,130,60,130,25,Pressure,Frisk,dusclops.png
tropius,357,Tropius,"Grass, Flying",99,68,83,72,87,51,Chlorophyll,Harvest,tropius.png
chimecho,358,Chimecho,Psychic,75,50,80,95,90,65,Levitate,,chimecho.png
absol,359,Absol,Dark,65,130,60,75,60,75,Pressure,Justified,absol.png
wynaut,360,Wynaut,Psychic,95,23,48,23,48,23,Shadow Tag,Telepathy,wynaut.png
snorunt,361,Snorunt,Ice,50,50,50,50,50,50,Inner Focus,Moody,snorunt.png
glalie,362,Glalie,Ice,80,80,80,80,80,80,Inner Focus,Moody,glalie.png
spheal,363,Spheal,"Ice, Water",70,40,50,55,50,25,Thick Fat,Oblivious,spheal.png
sealeo,364,Sealeo,"Ice, Water",90,60,70,75,70,45,Thick Fat,Oblivious,sealeo.png
walrein,365,Walrein,"Ice, Water",110,80,90,95,90,65,Thick Fat,Oblivious,walrein.png
clamperl,366,Clamperl,Water,35,64,85,74,55,32,Shell Armor,Rattled,clamperl.png
huntail,367,Huntail,Water,55,104,105,94,75,52,Swift Swim,Water Veil,huntail.png
gorebyss,368,Gorebyss,Water,55,84,105,114,75,52,Swift Swim,Hydration,gorebyss.png
relicanth,369,Relicanth,"Water, Rock",100,90,130,45,65,55,Swift Swim,Sturdy,relicanth.png
luvdisc,370,Luvdisc,Water,43,30,55,40,65,97,Swift Swim,Hydration,luvdisc.png
bagon,371,Bagon,Dragon,45,75,60,40,30,50,Rock Head,Sheer Force,bagon.png
shelgon,372,Shelgon,Dragon,65,95,100,60,50,50,Rock Head,Overcoat,shelgon.png
salamence,373,Salamence,"Dragon, Flying",95,135,80,110,80,100,Intimidate,Moxie,salamence.png
beldum,374,Beldum,"Steel, Psychic",40,55,80,35,60,30,Clear Body,Light Metal,beldum.png
metang,375,Metang,"Steel, Psychic",60,75,100,55,80,50,Clear Body,Light Metal,metang.png
metagross,376,Metagross,"Steel, Psychic",80,135,130,95,90,70,Clear Body,Light Metal,metagross.png
regirock,377,Regirock,Rock,80,100,200,50,100,50,Clear Body,Sturdy,regirock.png
regice,378,Regice,Ice,80,50,100,100,200,50,Clear Body,Ice Body,regice.png
registeel,379,Registeel,Steel,80,75,150,75,150,50,Clear Body,Light Metal,registeel.png
latias,380,Latias,"Dragon, Psychic",80,80,90,110,130,110,Levitate,,latias.png
latios,381,Latios,"Dragon, Psychic",80,90,80,130,110,110,Levitate,,latios.png
kyogre,382,Kyogre,Water,100,100,90,150,140,90,Drizzle,,kyogre.png
groudon,383,Groudon,Ground,100,150,140,100,90,90,Drought,,groudon.png
rayquaza,384,Rayquaza,"Dragon, Flying",105,150,90,150,90,95,Air Lock,,rayquaza.png
jirachi,385,Jirachi,"Steel, Psychic",100,100,100,100,100,100,Serene Grace,,jirachi.png
deoxys,386,Deoxys,Psychic,50,150,50,150,50,150,Pressure,,deoxys.png
turtwig,387,Turtwig,Grass,55,68,64,45,55,31,Overgrow,Shell Armor,turtwig.png
grotle,388,Grotle,Grass,75,89,85,55,65,36,Overgrow,Shell Armor,grotle.png
torterra,389,Torterra,"Grass, Ground",95,109,105,75,85,56,Overgrow,Shell Armor,torterra.png
chimchar,390,Chimchar,Fire,44,58,44,58,44,61,Blaze,Iron Fist,chimchar.png
monferno,391,Monferno,"Fire, Fighting",64,78,52,78,52,81,Blaze,Iron Fist,monferno.png
infernape,392,Infernape,"Fire, Fighting",76,104,71,104,71,108,Blaze,Iron Fist,infernape.png
piplup,393,Piplup,Water,53,51,53,61,56,40,Torrent,Competitive,piplup.png
prinplup,394,Prinplup,Water,64,66,68,81,76,50,Torrent,Competitive,prinplup.png
empoleon,395,Empoleon,"Water, Steel",84,86,88,111,101,60,Torrent,Competitive,empoleon.png
starly,396,Starly,"Normal, Flying",40,55,30,30,30,60,Keen Eye,Reckless,starly.png
staravia,397,Staravia,"Normal, Flying",55,75,50,40,40,80,Intimidate,Reckless,staravia.png
staraptor,398,Staraptor,"Normal, Flying",85,120,70,50,60,100,Intimidate,Reckless,staraptor.png
bidoof,399,Bidoof,Normal,59,45,40,35,40,31,Simple,Moody,bidoof.png
bibarel,400,Bibarel,"Normal, Water",79,85,60,55,60,71,Simple,Moody,bibarel.png
kricketot,401,Kricketot,Bug,37,25,41,25,41,25,Shed Skin,Run Away,kricketot.png
kricketune,402,Kricketune,Bug,77,85,51,55,51,65,Swarm,Technician,kricketune.png
shinx,403,Shinx,Electric,45,65,34,40,34,45,Rivalry,Guts,shinx.png
luxio,404,Luxio,Electric,60,85,49,60,49,60,Rivalry,Guts,luxio.png
luxray,405,Luxray,Electric,80,120,79,95,79,70,Rivalry,Guts,luxray.png
budew,406,Budew,"Grass, Poison",40,30,35,50,70,55,Natural Cure,Leaf Guard,budew.png
roserade,407,Roserade,"Grass, Poison",60,70,65,125,105,90,Natural Cure,Technician,roserade.png
cranidos,408,Cranidos,Rock,67,125,40,30,30,58,Mold Breaker,Sheer Force,cranidos.png
rampardos,409,Rampardos,Rock,97,165,60,65,50,58,Mold Breaker,Sheer Force,rampardos.png
shieldon,410,Shieldon,"Rock, Steel",30,42,118,42,88,30,Sturdy,Soundproof,shieldon.png
bastiodon,411,Bastiodon,"Rock, Steel",60,52,168,47,138,30,Sturdy,Soundproof,bastiodon.png
burmy,412,Burmy,Bug,40,29,45,29,45,36,Shed Skin,Overcoat,burmy.png
wormadam,413,Wormadam,"Bug, Grass",60,59,85,79,105,36,Anticipation,Overcoat,wormadam.png
mothim,414,Mothim,"Bug, Flying",70,94,50,94,50,66,Swarm,Tinted Lens,mothim.png
combee,415,Combee,"Bug, Flying",30,30,42,30,42,70,Honey Gather,Hustle,combee.png
vespiquen,416,Vespiquen,"Bug, Flying",70,80,102,80,102,40,Pressure,Unnerve,vespiquen.png
pachirisu,417,Pachirisu,Electric,60,45,70,45,90,95,Run Away,Volt Absorb,pachirisu.png
buizel,418,Buizel,Water,55,65,35,60,30,85,Swift Swim,Water Veil,buizel.png
floatzel,419,Floatzel,Water,85,105,55,85,50,115,Swift Swim,Water Veil,floatzel.png
cherubi,420,Cherubi,Grass,45,35,45,62,53,35,Chlorophyll,,cherubi.png
cherrim,421,Cherrim,Grass,70,60,70,87,78,85,Flower Gift,,cherrim.png
shellos,422,Shellos,Water,76,48,48,57,62,34,Sticky Hold,Sand Force,shellos.png
gastrodon,423,Gastrodon,"Water, Ground",111,83,68,92,82,39,Sticky Hold,Sand Force,gastrodon.png
ambipom,424,Ambipom,Normal,75,100,66,60,66,115,Technician,Skill Link,ambipom.png
drifloon,425,Drifloon,"Ghost, Flying",90,50,34,60,44,70,Aftermath,Flare Boost,drifloon.png
drifblim,426,Drifblim,"Ghost, Flying",150,80,44,90,54,80,Aftermath,Flare Boost,drifblim.png
buneary,427,Buneary,Normal,55,66,44,44,56,85,Run Away,Limber,buneary.png
lopunny,428,Lopunny,Normal,65,76,84,54,96,105,Cute Charm,Limber,lopunny.png
mismagius,429,Mismagius,Ghost,60,60,60,105,105,105,Levitate,,mismagius.png
honchkrow,430,Honchkrow,"Dark, Flying",100,125,52,105,52,71,Insomnia,Moxie,honchkrow.png
glameow,431,Glameow,Normal,49,55,42,42,37,85,Limber,Keen Eye,glameow.png
purugly,432,Purugly,Normal,71,82,64,64,59,112,Thick Fat,Defiant,purugly.png
chingling,433,Chingling,Psychic,45,30,50,65,50,45,Levitate,,chingling.png
stunky,434,Stunky,"Poison, Dark",63,63,47,41,41,74,Stench,Keen Eye,stunky.png
skuntank,435,Skuntank,"Poison, Dark",103,93,67,71,61,84,Stench,Keen Eye,skuntank.png
bronzor,436,Bronzor,"Steel, Psychic",57,24,86,24,86,23,Levitate,Heavy Metal,bronzor.png
bronzong,437,Bronzong,"Steel, Psychic",67,89,116,79,116,33,Levitate,Heavy Metal,bronzong.png
bonsly,438,Bonsly,Rock,50,80,95,10,45,10,Sturdy,Rattled,bonsly.png
mimejr,439,Mime Jr.,"Psychic, Fairy",20,25,45,70,90,60,Soundproof,Technician,mime-jr.png
happiny,440,Happiny,Normal,100,5,5,15,65,30,Natural Cure,Friend Guard,happiny.png
chatot,441,Chatot,"Normal, Flying",76,65,45,92,42,91,Keen Eye,Big Pecks,chatot.png
spiritomb,442,Spiritomb,"Ghost, Dark",50,92,108,92,108,35,Pressure,Infiltrator,spiritomb.png
gible,443,Gible,"Dragon, Ground",58,70,45,40,45,42,Sand Veil,Rough Skin,gible.png
gabite,444,Gabite,"Dragon, Ground",68,90,65,50,55,82,Sand Veil,Rough Skin,gabite.png
garchomp,445,Garchomp,"Dragon, Ground",108,130,95,80,85,102,Sand Veil,Rough Skin,garchomp.png
munchlax,446,Munchlax,Normal,135,85,40,40,85,5,Pickup,Gluttony,munchlax.png
riolu,447,Riolu,Fighting,40,70,40,35,40,60,Steadfast,Prankster,riolu.png
lucario,448,Lucario,"Fighting, Steel",70,110,70,115,70,90,Steadfast,Justified,lucario.png
hippopotas,449,Hippopotas,Ground,68,72,78,38,42,32,Sand Stream,Sand Force,hippopotas.png
hippowdon,450,Hippowdon,Ground,108,112,118,68,72,47,Sand Stream,Sand Force,hippowdon.png
skorupi,451,Skorupi,"Poison, Bug",40,50,90,30,55,65,Battle Armor,Keen Eye,skorupi.png
drapion,452,Drapion,"Poison, Dark",70,90,110,60,75,95,Battle Armor,Keen Eye,drapion.png
croagunk,453,Croagunk,"Poison, Fighting",48,61,40,61,40,50,Anticipation,Poison Touch,croagunk.png
toxicroak,454,Toxicroak,"Poison, Fighting",83,106,65,86,65,85,Anticipation,Poison Touch,toxicroak.png
carnivine,455,Carnivine,Grass,74,100,72,90,72,46,Levitate,,carnivine.png
finneon,456,Finneon,Water,49,49,56,49,61,66,Swift Swim,Water Veil,finneon.png
lumineon,457,Lumineon,Water,69,69,76,69,86,91,Swift Swim,Water Veil,lumineon.png
mantyke,458,Mantyke,"Water, Flying",45,20,50,60,120,50,Swift Swim,Water Veil,mantyke.png
snover,459,Snover,"Grass, Ice",60,62,50,62,60,40,Snow Warning,Soundproof,snover.png
abomasnow,460,Abomasnow,"Grass, Ice",90,92,75,92,85,60,Snow Warning,Soundproof,abomasnow.png
weavile,461,Weavile,"Dark, Ice",70,120,65,45,85,125,Pressure,Pickpocket,weavile.png
magnezone,462,Magnezone,"Electric, Steel",70,70,115,130,90,60,Magnet Pull,Analytic,magnezone.png
lickilicky,463,Lickilicky,Normal,110,85,95,80,95,50,Own Tempo,Cloud Nine,lickilicky.png
rhyperior,464,Rhyperior,"Ground, Rock",115,140,130,55,55,40,Lightning Rod,Reckless,rhyperior.png
tangrowth,465,Tangrowth,Grass,100,100,125,110,50,50,Chlorophyll,Regenerator,tangrowth.png
electivire,466,Electivire,Electric,75,123,67,95,85,95,Motor Drive,Vital Spirit,electivire.png
magmortar,467,Magmortar,Fire,75,95,67,125,95,83,Flame Body,Vital Spirit,magmortar.png
togekiss,468,Togekiss,"Fairy, Flying",85,50,95,120,115,80,Hustle,Super Luck,togekiss.png
yanmega,469,Yanmega,"Bug, Flying",86,76,86,116,56,95,Speed Boost,Frisk,yanmega.png
leafeon,470,Leafeon,Grass,65,110,130,60,65,95,Leaf Guard,Chlorophyll,leafeon.png
glaceon,471,Glaceon,Ice,65,60,110,130,95,65,Snow Cloak,Ice Body,glaceon.png
gliscor,472,Gliscor,"Ground, Flying",75,95,125,45,75,95,Hyper Cutter,Poison Heal,gliscor.png
mamoswine,473,Mamoswine,"Ice, Ground",110,130,80,70,60,80,Oblivious,Thick Fat,mamoswine.png
porygonz,474,Porygon-Z,Normal,85,80,70,135,75,90,Adaptability,Analytic,porygon-z.png
gallade,475,Gallade,"Psychic, Fighting",68,125,65,65,115,80,Steadfast,Justified,gallade.png
probopass,476,Probopass,"Rock, Steel",60,55,145,75,150,40,Sturdy,Sand Force,probopass.png
dusknoir,477,Dusknoir,Ghost,45,100,135,65,135,45,Pressure,Frisk,dusknoir.png
froslass,478,Froslass,"Ice, Ghost",70,80,70,80,70,110,Snow Cloak,Cursed Body,froslass.png
rotom,479,Rotom,"Electric, Ghost",50,50,77,95,77,91,Levitate,,rotom.png
uxie,480,Uxie,Psychic,75,75,130,75,130,95,Levitate,,uxie.png
mesprit,481,Mesprit,Psychic,80,105,105,105,105,80,Levitate,,mesprit.png
azelf,482,Azelf,Psychic,75,125,70,125,70,115,Levitate,,azelf.png
dialga,483,Dialga,"Steel, Dragon",100,120,120,150,100,90,Pressure,Telepathy,dialga.png
palkia,484,Palkia,"Water, Dragon",90,120,100,150,120,100,Pressure,Telepathy,palkia.png
heatran,485,Heatran,"Fire, Steel",91,90,106,130,106,77,Flash Fire,Flame Body,heatran.png
regigigas,486,Regigigas,Normal,110,160,110,80,110,100,Slow Start,,regigigas.png
giratina,487,Giratina,"Ghost, Dragon",150,100,120,100,120,90,Pressure,Telepathy,giratina.png
cresselia,488,Cresselia,Psychic,120,70,110,75,120,85,Levitate,,cresselia.png
phione,489,Phione,Water,80,80,80,80,80,80,Hydration,,phione.png
manaphy,490,Manaphy,Water,100,100,100,100,100,100,Hydration,,manaphy.png
darkrai,491,Darkrai,Dark,70,90,90,135,90,125,Bad Dreams,,darkrai.png
shaymin,492,Shaymin,Grass,100,100,100,100,100,100,Natural Cure,,shaymin.png
arceus,493,Arceus,Normal,120,120,120,120,120,120,Multitype,,arceus.png
victini,494,Victini,"Psychic, Fire",100,100,100,100,100,100,Victory Star,,victini.png
snivy,495,Snivy,Grass,45,45,55,45,55,63,Overgrow,Contrary,snivy.png
servine,496,Servine,Grass,60,60,75,60,75,83,Overgrow,Contrary,servine.png
serperior,497,Serperior,Grass,75,75,95,75,95,113,Overgrow,Contrary,serperior.png
tepig,498,Tepig,Fire,65,63,45,45,45,45,Blaze,Thick Fat,tepig.png
pignite,499,Pignite,"Fire, Fighting",90,93,55,70,55,55,Blaze,Thick Fat,pignite.png
emboar,500,Emboar,"Fire, Fighting",110,123,65,100,65,65,Blaze,Reckless,emboar.png
oshawott,501,Oshawott,Water,55,55,45,63,45,45,Torrent,Shell Armor,oshawott.png
dewott,502,Dewott,Water,75,75,60,83,60,60,Torrent,Shell Armor,dewott.png
samurott,503,Samurott,Water,95,100,85,108,70,70,Torrent,Shell Armor,samurott.png
patrat,504,Patrat,Normal,45,55,39,35,39,42,Run Away,Analytic,patrat.png
watchog,505,Watchog,Normal,60,85,69,60,69,77,Illuminate,Analytic,watchog.png
lillipup,506,Lillipup,Normal,45,60,45,25,45,55,Vital Spirit,Run Away,lillipup.png
herdier,507,Herdier,Normal,65,80,65,35,65,60,Intimidate,Scrappy,herdier.png
stoutland,508,Stoutland,Normal,85,110,90,45,90,80,Intimidate,Scrappy,stoutland.png
purrloin,509,Purrloin,Dark,41,50,37,50,37,66,Limber,Prankster,purrloin.png
liepard,510,Liepard,Dark,64,88,50,88,50,106,Limber,Prankster,liepard.png
pansage,511,Pansage,Grass,50,53,48,53,48,64,Gluttony,Overgrow,pansage.png
simisage,512,Simisage,Grass,75,98,63,98,63,101,Gluttony,Overgrow,simisage.png
pansear,513,Pansear,Fire,50,53,48,53,48,64,Gluttony,Blaze,pansear.png
simisear,514,Simisear,Fire,75,98,63,98,63,101,Gluttony,Blaze,simisear.png
panpour,515,Panpour,Water,50,53,48,53,48,64,Gluttony,Torrent,panpour.png
simipour,516,Simipour,Water,75,98,63,98,63,101,Gluttony,Torrent,simipour.png
munna,517,Munna,Psychic,76,25,45,67,55,24,Forewarn,Telepathy,munna.png
musharna,518,Musharna,Psychic,116,55,85,107,95,29,Forewarn,Telepathy,musharna.png
pidove,519,Pidove,"Normal, Flying",50,55,50,36,30,43,Big Pecks,Rivalry,pidove.png
tranquill,520,Tranquill,"Normal, Flying",62,77,62,50,42,65,Big Pecks,Rivalry,tranquill.png
unfezant,521,Unfezant,"Normal, Flying",80,115,80,65,55,93,Big Pecks,Rivalry,unfezant.png
blitzle,522,Blitzle,Electric,45,60,32,50,32,76,Lightning Rod,Sap Sipper,blitzle.png
zebstrika,523,Zebstrika,Electric,75,100,63,80,63,116,Lightning Rod,Sap Sipper,zebstrika.png
roggenrola,524,Roggenrola,Rock,55,75,85,25,25,15,Sturdy,Sand Force,roggenrola.png
boldore,525,Boldore,Rock,70,105,105,50,40,20,Sturdy,Sand Force,boldore.png
gigalith,526,Gigalith,Rock,85,135,130,60,80,25,Sturdy,Sand Force,gigalith.png
woobat,527,Woobat,"Psychic, Flying",65,45,43,55,43,72,Unaware,Simple,woobat.png
swoobat,528,Swoobat,"Psychic, Flying",67,57,55,77,55,114,Unaware,Simple,swoobat.png
drilbur,529,Drilbur,Ground,60,85,40,30,45,68,Sand Rush,Mold Breaker,drilbur.png
excadrill,530,Excadrill,"Ground, Steel",110,135,60,50,65,88,Sand Rush,Mold Breaker,excadrill.png
audino,531,Audino,Normal,103,60,86,60,86,50,Healer,Klutz,audino.png
timburr,532,Timburr,Fighting,75,80,55,25,35,35,Guts,Iron Fist,timburr.png
gurdurr,533,Gurdurr,Fighting,85,105,85,40,50,40,Guts,Iron Fist,gurdurr.png
conkeldurr,534,Conkeldurr,Fighting,105,140,95,55,65,45,Guts,Iron Fist,conkeldurr.png
tympole,535,Tympole,Water,50,50,40,50,40,64,Swift Swim,Water Absorb,tympole.png
palpitoad,536,Palpitoad,"Water, Ground",75,65,55,65,55,69,Swift Swim,Water Absorb,palpitoad.png
seismitoad,537,Seismitoad,"Water, Ground",105,95,75,85,75,74,Swift Swim,Water Absorb,seismitoad.png
throh,538,Throh,Fighting,120,100,85,30,85,45,Guts,Mold Breaker,throh.png
sawk,539,Sawk,Fighting,75,125,75,30,75,85,Sturdy,Mold Breaker,sawk.png
sewaddle,540,Sewaddle,"Bug, Grass",45,53,70,40,60,42,Swarm,Overcoat,sewaddle.png
swadloon,541,Swadloon,"Bug, Grass",55,63,90,50,80,42,Leaf Guard,Overcoat,swadloon.png
leavanny,542,Leavanny,"Bug, Grass",75,103,80,70,80,92,Swarm,Overcoat,leavanny.png
venipede,543,Venipede,"Bug, Poison",30,45,59,30,39,57,Poison Point,Speed Boost,venipede.png
whirlipede,544,Whirlipede,"Bug, Poison",40,55,99,40,79,47,Poison Point,Speed Boost,whirlipede.png
scolipede,545,Scolipede,"Bug, Poison",60,100,89,55,69,112,Poison Point,Speed Boost,scolipede.png
cottonee,546,Cottonee,"Grass, Fairy",40,27,60,37,50,66,Prankster,Chlorophyll,cottonee.png
whimsicott,547,Whimsicott,"Grass, Fairy",60,67,85,77,75,116,Prankster,Chlorophyll,whimsicott.png
petilil,548,Petilil,Grass,45,35,50,70,50,30,Chlorophyll,Leaf Guard,petilil.png
lilligant,549,Lilligant,Grass,70,60,75,110,75,90,Chlorophyll,Leaf Guard,lilligant.png
basculin,550,Basculin,Water,70,92,65,80,55,98,Reckless,Mold Breaker,basculin.png
sandile,551,Sandile,"Ground, Dark",50,72,35,35,35,65,Intimidate,Anger Point,sandile.png
krokorok,552,Krokorok,"Ground, Dark",60,82,45,45,45,74,Intimidate,Anger Point,krokorok.png
krookodile,553,Krookodile,"Ground, Dark",95,117,80,65,70,92,Intimidate,Anger Point,krookodile.png
darumaka,554,Darumaka,Fire,70,90,45,15,45,50,Hustle,Inner Focus,darumaka.png
darmanitan,555,Darmanitan,Fire,105,140,55,30,55,95,Sheer Force,Zen Mode,darmanitan.png
maractus,556,Maractus,Grass,75,86,67,106,67,60,Water Absorb,Storm Drain,maractus.png
dwebble,557,Dwebble,"Bug, Rock",50,65,85,35,35,55,Sturdy,Weak Armor,dwebble.png
crustle,558,Crustle,"Bug, Rock",70,105,125,65,75,45,Sturdy,Weak Armor,crustle.png
scraggy,559,Scraggy,"Dark, Fighting",50,75,70,35,70,48,Shed Skin,Intimidate,scraggy.png
scrafty,560,Scrafty,"Dark, Fighting",65,90,115,45,115,58,Shed Skin,Intimidate,scrafty.png
sigilyph,561,Sigilyph,"Psychic, Flying",72,58,80,103,80,97,Wonder Skin,Tinted Lens,sigilyph.png
yamask,562,Yamask,Ghost,38,30,85,55,65,30,Mummy,,yamask.png
cofagrigus,563,Cofagrigus,Ghost,58,50,145,95,105,30,Mummy,,cofagrigus.png
tirtouga,564,Tirtouga,"Water, Rock",54,78,103,53,45,22,Solid Rock,Swift Swim,tirtouga.png
carracosta,565,Carracosta,"Water, Rock",74,108,133,83,65,32,Solid Rock,Swift Swim,carracosta.png
archen,566,Archen,"Rock, Flying",55,112,45,74,45,70,Defeatist,,archen.png
archeops,567,Archeops,"Rock, Flying",75,140,65,112,65,110,Defeatist,,archeops.png
trubbish,568,Trubbish,Poison,50,50,62,40,62,65,Stench,Aftermath,trubbish.png
garbodor,569,Garbodor,Poison,80,95,82,60,82,75,Stench,Aftermath,garbodor.png
zorua,570,Zorua,Dark,40,65,40,80,40,65,Illusion,,zorua.png
zoroark,571,Zoroark,Dark,60,105,60,120,60,105,Illusion,,zoroark.png
minccino,572,Minccino,Normal,55,50,40,40,40,75,Cute Charm,Skill Link,minccino.png
cinccino,573,Cinccino,Normal,75,95,60,65,60,115,Cute Charm,Skill Link,cinccino.png
gothita,574,Gothita,Psychic,45,30,50,55,65,45,Frisk,Shadow Tag,gothita.png
gothorita,575,Gothorita,Psychic,60,45,70,75,85,55,Frisk,Shadow Tag,gothorita.png
gothitelle,576,Gothitelle,Psychic,70,55,95,95,110,65,Frisk,Shadow Tag,gothitelle.png
solosis,577,Solosis,Psychic,45,30,40,105,50,20,Overcoat,Regenerator,solosis.png
duosion,578,Duosion,Psychic,65,40,50,125,60,30,Overcoat,Regenerator,duosion.png
reuniclus,579,Reuniclus,Psychic,110,65,75,125,85,30,Overcoat,Regenerator,reuniclus.png
ducklett,580,Ducklett,"Water, Flying",62,44,50,44,50,55,Keen Eye,Hydration,ducklett.png
swanna,581,Swanna,"Water, Flying",75,87,63,87,63,98,Keen Eye,Hydration,swanna.png
vanillite,582,Vanillite,Ice,36,50,50,65,60,44,Ice Body,Weak Armor,vanillite.png
vanillish,583,Vanillish,Ice,51,65,65,80,75,59,Ice Body,Weak Armor,vanillish.png
vanilluxe,584,Vanilluxe,Ice,71,95,85,110,95,79,Ice Body,Weak Armor,vanilluxe.png
deerling,585,Deerling,"Normal, Grass",60,60,50,40,50,75,Chlorophyll,Serene Grace,deerling.png
sawsbuck,586,Sawsbuck,"Normal, Grass",80,100,70,60,70,95,Chlorophyll,Serene Grace,sawsbuck.png
emolga,587,Emolga,"Electric, Flying",55,75,60,75,60,103,Static,Motor Drive,emolga.png
karrablast,588,Karrablast,Bug,50,75,45,40,45,60,Swarm,No Guard,karrablast.png
escavalier,589,Escavalier,"Bug, Steel",70,135,105,60,105,20,Swarm,Overcoat,escavalier.png
foongus,590,Foongus,"Grass, Poison",69,55,45,55,55,15,Effect Spore,Regenerator,foongus.png
amoonguss,591,Amoonguss,"Grass, Poison",114,85,70,85,80,30,Effect Spore,Regenerator,amoonguss.png
frillish,592,Frillish,"Water, Ghost",55,40,50,65,85,40,Water Absorb,Damp,frillish.png
jellicent,593,Jellicent,"Water, Ghost",100,60,70,85,105,60,Water Absorb,Damp,jellicent.png
alomomola,594,Alomomola,Water,165,75,80,40,45,65,Healer,Regenerator,alomomola.png
joltik,595,Joltik,"Bug, Electric",50,47,50,57,50,65,Compound Eyes,Swarm,joltik.png
galvantula,596,Galvantula,"Bug, Electric",70,77,60,97,60,108,Compound Eyes,Swarm,galvantula.png
ferroseed,597,Ferroseed,"Grass, Steel",44,50,91,24,86,10,Iron Barbs,,ferroseed.png
ferrothorn,598,Ferrothorn,"Grass, Steel",74,94,131,54,116,20,Iron Barbs,Anticipation,ferrothorn.png
klink,599,Klink,Steel,40,55,70,45,60,30,Plus,Clear Body,klink.png
klang,600,Klang,Steel,60,80,95,70,85,50,Plus,Clear Body,klang.png
klinklang,601,Klinklang,Steel,60,100,115,70,85,90,Plus,Clear Body,klinklang.png
tynamo,602,Tynamo,Electric,35,55,40,45,40,60,Levitate,,tynamo.png
eelektrik,603,Eelektrik,Electric,65,85,70,75,70,40,Levitate,,eelektrik.png
eelektross,604,Eelektross,Electric,85,115,80,105,80,50,Levitate,,eelektross.png
elgyem,605,Elgyem,Psychic,55,55,55,85,55,30,Telepathy,Analytic,elgyem.png
beheeyem,606,Beheeyem,Psychic,75,75,75,125,95,40,Telepathy,Analytic,beheeyem.png
litwick,607,Litwick,"Ghost, Fire",50,30,55,65,55,20,Flash Fire,Infiltrator,litwick.png
lampent,608,Lampent,"Ghost, Fire",60,40,60,95,60,55,Flash Fire,Infiltrator,lampent.png
chandelure,609,Chandelure,"Ghost, Fire",60,55,90,145,90,80,Flash Fire,Infiltrator,chandelure.png
axew,610,Axew,Dragon,46,87,60,30,40,57,Rivalry,Unnerve,axew.png
fraxure,611,Fraxure,Dragon,66,117,70,40,50,67,Rivalry,Unnerve,fraxure.png
haxorus,612,Haxorus,Dragon,76,147,90,60,70,97,Rivalry,Unnerve,haxorus.png
cubchoo,613,Cubchoo,Ice,55,70,40,60,40,40,Snow Cloak,Rattled,cubchoo.png
beartic,614,Beartic,Ice,95,130,80,70,80,50,Snow Cloak,Swift Swim,beartic.png
cryogonal,615,Cryogonal,Ice,80,50,50,95,135,105,Levitate,,cryogonal.png
shelmet,616,Shelmet,Bug,50,40,85,40,65,25,Hydration,Overcoat,shelmet.png
accelgor,617,Accelgor,Bug,80,70,40,100,60,145,Hydration,Unburden,accelgor.png
stunfisk,618,Stunfisk,"Ground, Electric",109,66,84,81,99,32,Static,Sand Veil,stunfisk.png
mienfoo,619,Mienfoo,Fighting,45,85,50,55,50,65,Inner Focus,Reckless,mienfoo.png
mienshao,620,Mienshao,Fighting,65,125,60,95,60,105,Inner Focus,Reckless,mienshao.png
druddigon,621,Druddigon,Dragon,77,120,90,60,90,48,Rough Skin,Mold Breaker,druddigon.png
golett,622,Golett,"Ground, Ghost",59,74,50,35,50,35,Iron Fist,No Guard,golett.png
golurk,623,Golurk,"Ground, Ghost",89,124,80,55,80,55,Iron Fist,No Guard,golurk.png
pawniard,624,Pawniard,"Dark, Steel",45,85,70,40,40,60,Defiant,Pressure,pawniard.png
bisharp,625,Bisharp,"Dark, Steel",65,125,100,60,70,70,Defiant,Pressure,bisharp.png
bouffalant,626,Bouffalant,Normal,95,110,95,40,95,55,Reckless,Soundproof,bouffalant.png
rufflet,627,Rufflet,"Normal, Flying",70,83,50,37,50,60,Keen Eye,Hustle,rufflet.png
braviary,628,Braviary,"Normal, Flying",100,123,75,57,75,80,Keen Eye,Defiant,braviary.png
vullaby,629,Vullaby,"Dark, Flying",70,55,75,45,65,60,Big Pecks,Weak Armor,vullaby.png
mandibuzz,630,Mandibuzz,"Dark, Flying",110,65,105,55,95,80,Big Pecks,Weak Armor,mandibuzz.png
heatmor,631,Heatmor,Fire,85,97,66,105,66,65,Gluttony,White Smoke,heatmor.png
durant,632,Durant,"Bug, Steel",58,109,112,48,48,109,Swarm,Truant,durant.png
deino,633,Deino,"Dark, Dragon",52,65,50,45,50,38,Hustle,,deino.png
zweilous,634,Zweilous,"Dark, Dragon",72,85,70,65,70,58,Hustle,,zweilous.png
hydreigon,635,Hydreigon,"Dark, Dragon",92,105,90,125,90,98,Levitate,,hydreigon.png
larvesta,636,Larvesta,"Bug, Fire",55,85,55,50,55,60,Flame Body,Swarm,larvesta.png
volcarona,637,Volcarona,"Bug, Fire",85,60,65,135,105,100,Flame Body,Swarm,volcarona.png
cobalion,638,Cobalion,"Steel, Fighting",91,90,129,90,72,108,Justified,,cobalion.png
terrakion,639,Terrakion,"Rock, Fighting",91,129,90,72,90,108,Justified,,terrakion.png
virizion,640,Virizion,"Grass, Fighting",91,90,72,90,129,108,Justified,,virizion.png
tornadus,641,Tornadus,Flying,79,115,70,125,80,111,Prankster,Defiant,tornadus.png
thundurus,642,Thundurus,"Electric, Flying",79,115,70,125,80,111,Prankster,Defiant,thundurus.png
reshiram,643,Reshiram,"Dragon, Fire",100,120,100,150,120,90,Turboblaze,,reshiram.png
zekrom,644,Zekrom,"Dragon, Electric",100,150,120,120,100,90,Teravolt,,zekrom.png
landorus,645,Landorus,"Ground, Flying",89,125,90,115,80,101,Sand Force,Sheer Force,landorus.png
kyurem,646,Kyurem,"Dragon, Ice",125,130,90,130,90,95,Pressure,,kyurem.png
keldeo,647,Keldeo,"Water, Fighting",91,72,90,129,90,108,Justified,,keldeo.png
meloetta,648,Meloetta,"Normal, Psychic",100,77,77,128,128,90,Serene Grace,,meloetta.png
genesect,649,Genesect,"Bug, Steel",71,120,95,120,95,99,Download,,genesect.png
chespin,650,Chespin,Grass,56,61,65,48,45,38,Overgrow,Bulletproof,chespin.png
quilladin,651,Quilladin,Grass,61,78,95,56,58,57,Overgrow,Bulletproof,quilladin.png
chesnaught,652,Chesnaught,"Grass, Fighting",88,107,122,74,75,64,Overgrow,Bulletproof,chesnaught.png
fennekin,653,Fennekin,Fire,40,45,40,62,60,60,Blaze,Magician,fennekin.png
braixen,654,Braixen,Fire,59,59,58,90,70,73,Blaze,Magician,braixen.png
delphox,655,Delphox,"Fire, Psychic",75,69,72,114,100,104,Blaze,Magician,delphox.png
froakie,656,Froakie,Water,41,56,40,62,44,71,Torrent,Protean,froakie.png
frogadier,657,Frogadier,Water,54,63,52,83,56,97,Torrent,Protean,frogadier.png
greninja,658,Greninja,"Water, Dark",72,95,67,103,71,122,Torrent,Protean,greninja.png
bunnelby,659,Bunnelby,Normal,38,36,38,32,36,57,Pickup,Huge Power,bunnelby.png
diggersby,660,Diggersby,"Normal, Ground",85,56,77,50,77,78,Pickup,Huge Power,diggersby.png
fletchling,661,Fletchling,"Normal, Flying",45,50,43,40,38,62,Big Pecks,Gale Wings,fletchling.png
fletchinder,662,Fletchinder,"Fire, Flying",62,73,55,56,52,84,Flame Body,Gale Wings,fletchinder.png
talonflame,663,Talonflame,"Fire, Flying",78,81,71,74,69,126,Flame Body,Gale Wings,talonflame.png
scatterbug,664,Scatterbug,Bug,38,35,40,27,25,35,Shield Dust,Friend Guard,scatterbug.png
spewpa,665,Spewpa,Bug,45,22,60,27,30,29,Shed Skin,Friend Guard,spewpa.png
vivillon,666,Vivillon,"Bug, Flying",80,52,50,90,50,89,Shield Dust,Friend Guard,vivillon.png
litleo,667,Litleo,"Fire, Normal",62,50,58,73,54,72,Rivalry,Moxie,litleo.png
pyroar,668,Pyroar,"Fire, Normal",86,68,72,109,66,106,Rivalry,Moxie,pyroar.png
flabebe,669,Flabebe,Fairy,44,38,39,61,79,42,Flower Veil,Symbiosis,flabebe.png
floette,670,Floette,Fairy,54,45,47,75,98,52,Flower Veil,Symbiosis,floette.png
florges,671,Florges,Fairy,78,65,68,112,154,75,Flower Veil,Symbiosis,florges.png
skiddo,672,Skiddo,Grass,66,65,48,62,57,52,Sap Sipper,Grass Pelt,skiddo.png
gogoat,673,Gogoat,Grass,123,100,62,97,81,68,Sap Sipper,Grass Pelt,gogoat.png
pancham,674,Pancham,Fighting,67,82,62,46,48,43,Iron Fist,Scrappy,pancham.png
pangoro,675,Pangoro,"Fighting, Dark",95,124,78,69,71,58,Iron Fist,Scrappy,pangoro.png
furfrou,676,Furfrou,Normal,75,80,60,65,90,102,Fur Coat,,furfrou.png
espurr,677,Espurr,Psychic,62,48,54,63,60,68,Keen Eye,Own Tempo,espurr.png
meowstic,678,Meowstic,Psychic,74,48,76,83,81,104,Keen Eye,Prankster,meowstic.png
honedge,679,Honedge,"Steel, Ghost",45,80,100,35,37,28,No Guard,,honedge.png
doublade,680,Doublade,"Steel, Ghost",59,110,150,45,49,35,No Guard,,doublade.png
aegislash,681,Aegislash,"Steel, Ghost",60,50,140,50,140,60,Stance Change,,aegislash.png
spritzee,682,Spritzee,Fairy,78,52,60,63,65,23,Healer,Aroma Veil,spritzee.png
aromatisse,683,Aromatisse,Fairy,101,72,72,99,89,29,Healer,Aroma Veil,aromatisse.png
swirlix,684,Swirlix,Fairy,62,48,66,59,57,49,Sweet Veil,Unburden,swirlix.png
slurpuff,685,Slurpuff,Fairy,82,80,86,85,75,72,Sweet Veil,Unburden,slurpuff.png
inkay,686,Inkay,"Dark, Psychic",53,54,53,37,46,45,Contrary,Infiltrator,inkay.png
malamar,687,Malamar,"Dark, Psychic",86,92,88,68,75,73,Contrary,Infiltrator,malamar.png
binacle,688,Binacle,"Rock, Water",42,52,67,39,56,50,Tough Claws,Pickpocket,binacle.png
barbaracle,689,Barbaracle,"Rock, Water",72,105,115,54,86,68,Tough Claws,Pickpocket,barbaracle.png
skrelp,690,Skrelp,"Poison, Water",50,60,60,60,60,30,Poison Point,Adaptability,skrelp.png
dragalge,691,Dragalge,"Poison, Dragon",65,75,90,97,123,44,Poison Point,Adaptability,dragalge.png
clauncher,692,Clauncher,Water,50,53,62,58,63,44,Mega Launcher,,clauncher.png
clawitzer,693,Clawitzer,Water,71,73,88,120,89,59,Mega Launcher,,clawitzer.png
helioptile,694,Helioptile,"Electric, Normal",44,38,33,61,43,70,Dry Skin,Solar Power,helioptile.png
heliolisk,695,Heliolisk,"Electric, Normal",62,55,52,109,94,109,Dry Skin,Solar Power,heliolisk.png
tyrunt,696,Tyrunt,"Rock, Dragon",58,89,77,45,45,48,Strong Jaw,Sturdy,tyrunt.png
tyrantrum,697,Tyrantrum,"Rock, Dragon",82,121,119,69,59,71,Strong Jaw,Rock Head,tyrantrum.png
amaura,698,Amaura,"Rock, Ice",77,59,50,67,63,46,Refrigerate,Snow Warning,amaura.png
aurorus,699,Aurorus,"Rock, Ice",123,77,72,99,92,58,Refrigerate,Snow Warning,aurorus.png
sylveon,700,Sylveon,Fairy,95,65,65,110,130,60,Cute Charm,Pixilate,sylveon.png
hawlucha,701,Hawlucha,"Fighting, Flying",78,92,75,74,63,118,Limber,Mold Breaker,hawlucha.png
dedenne,702,Dedenne,"Electric, Fairy",67,58,57,81,67,101,Cheek Pouch,Plus,dedenne.png
carbink,703,Carbink,"Rock, Fairy",50,50,150,50,150,50,Clear Body,Sturdy,carbink.png
goomy,704,Goomy,Dragon,45,50,35,55,75,40,Sap Sipper,Gooey,goomy.png
sliggoo,705,Sliggoo,Dragon,68,75,53,83,113,60,Sap Sipper,Gooey,sliggoo.png
goodra,706,Goodra,Dragon,90,100,70,110,150,80,Sap Sipper,Gooey,goodra.png
klefki,707,Klefki,"Steel, Fairy",57,80,91,80,87,75,Prankster,Magician,klefki.png
phantump,708,Phantump,"Ghost, Grass",43,70,48,50,60,38,Natural Cure,Harvest,phantump.png
trevenant,709,Trevenant,"Ghost, Grass",85,110,76,65,82,56,Natural Cure,Harvest,trevenant.png
pumpkaboo,710,Pumpkaboo,"Ghost, Grass",49,66,70,44,55,51,Pickup,Insomnia,pumpkaboo.png
gourgeist,711,Gourgeist,"Ghost, Grass",65,90,122,58,75,84,Pickup,Insomnia,gourgeist.png
bergmite,712,Bergmite,Ice,55,69,85,32,35,28,Own Tempo,Sturdy,bergmite.png
avalugg,713,Avalugg,Ice,95,117,184,44,46,28,Own Tempo,Sturdy,avalugg.png
noibat,714,Noibat,"Flying, Dragon",40,30,35,45,40,55,Frisk,Telepathy,noibat.png
noivern,715,Noivern,"Flying, Dragon",85,70,80,97,80,123,Frisk,Telepathy,noivern.png
xerneas,716,Xerneas,Fairy,126,131,95,131,98,99,Fairy Aura,,xerneas.png
yveltal,717,Yveltal,"Dark, Flying",126,131,95,131,98,99,Dark Aura,,yveltal.png
zygarde,718,Zygarde,"Dragon, Ground",108,100,121,81,95,95,Aura Break,,zygarde.png
diancie,719,Diancie,"Rock, Fairy",50,100,150,100,150,50,Clear Body,,diancie.png
hoopa,720,Hoopa,"Psychic, Ghost",80,110,60,150,130,70,Magician,,hoopa.png
volcanion,721,Volcanion,"Fire, Water",80,110,120,130,90,70,Water Absorb,,volcanion.png
rowlet,722,Rowlet,"Grass, Flying",68,55,55,50,50,42,Overgrow,Long Reach,rowlet.png
dartrix,723,Dartrix,"Grass, Flying",78,75,75,70,70,52,Overgrow,Long Reach,dartrix.png
decidueye,724,Decidueye,"Grass, Ghost",78,107,75,100,100,70,Overgrow,Long Reach,decidueye.png
litten,725,Litten,Fire,45,65,40,60,40,70,Blaze,Intimidate,litten.png
torracat,726,Torracat,Fire,65,85,50,80,50,90,Blaze,Intimidate,torracat.png
incineroar,727,Incineroar,"Fire, Dark",95,115,90,80,90,60,Blaze,Intimidate,incineroar.png
popplio,728,Popplio,Water,50,54,54,66,56,40,Torrent,Liquid Voice,popplio.png
brionne,729,Brionne,Water,60,69,69,91,81,50,Torrent,Liquid Voice,brionne.png
primarina,730,Primarina,"Water, Fairy",80,74,74,126,116,60,Torrent,Liquid Voice,primarina.png
pikipek,731,Pikipek,"Normal, Flying",35,75,30,30,30,65,Keen Eye,Pickup,pikipek.png
trumbeak,732,Trumbeak,"Normal, Flying",55,85,50,40,50,75,Keen Eye,Pickup,trumbeak.png
toucannon,733,Toucannon,"Normal, Flying",80,120,75,75,75,60,Keen Eye,Sheer Force,toucannon.png
yungoos,734,Yungoos,Normal,48,70,30,30,30,45,Stakeout,Adaptability,yungoos.png
gumshoos,735,Gumshoos,Normal,88,110,60,55,60,45,Stakeout,Adaptability,gumshoos.png
grubbin,736,Grubbin,Bug,47,62,45,55,45,46,Swarm,,grubbin.png
charjabug,737,Charjabug,"Bug, Electric",57,82,95,55,75,36,Battery,,charjabug.png
vikavolt,738,Vikavolt,"Bug, Electric",77,70,90,145,75,43,Levitate,,vikavolt.png
crabrawler,739,Crabrawler,Fighting,47,82,57,42,47,63,Hyper Cutter,Anger Point,crabrawler.png
crabominable,740,Crabominable,"Fighting, Ice",97,132,77,62,67,43,Hyper Cutter,Anger Point,crabominable.png
oricorio,741,Oricorio,"Fire, Flying",75,70,70,98,70,93,Dancer,,oricorio.png
cutiefly,742,Cutiefly,"Bug, Fairy",40,45,40,55,40,84,Honey Gather,Sweet Veil,cutiefly.png
ribombee,743,Ribombee,"Bug, Fairy",60,55,60,95,70,124,Honey Gather,Sweet Veil,ribombee.png
rockruff,744,Rockruff,Rock,45,65,40,30,40,60,Keen Eye,Steadfast,rockruff.png
lycanroc,745,Lycanroc,Rock,75,115,65,55,65,112,Keen Eye,Steadfast,lycanroc.png
wishiwashi,746,Wishiwashi,Water,45,20,20,25,25,40,Schooling,,wishiwashi.png
mareanie,747,Mareanie,"Poison, Water",50,53,62,43,52,45,Merciless,Regenerator,mareanie.png
toxapex,748,Toxapex,"Poison, Water",50,63,152,53,142,35,Merciless,Regenerator,toxapex.png
mudbray,749,Mudbray,Ground,70,100,70,45,55,45,Own Tempo,Inner Focus,mudbray.png
mudsdale,750,Mudsdale,Ground,100,125,100,55,85,35,Own Tempo,Inner Focus,mudsdale.png
dewpider,751,Dewpider,"Water, Bug",38,40,52,40,72,27,Water Bubble,Water Absorb,dewpider.png
araquanid,752,Araquanid,"Water, Bug",68,70,92,50,132,42,Water Bubble,Water Absorb,araquanid.png
fomantis,753,Fomantis,Grass,40,55,35,50,35,35,Leaf Guard,Contrary,fomantis.png
lurantis,754,Lurantis,Grass,70,105,90,80,90,45,Leaf Guard,Contrary,lurantis.png
morelull,755,Morelull,"Grass, Fairy",40,35,55,65,75,15,Illuminate,Rain Dish,morelull.png
shiinotic,756,Shiinotic,"Grass, Fairy",60,45,80,90,100,30,Illuminate,Rain Dish,shiinotic.png
salandit,757,Salandit,"Poison, Fire",48,44,40,71,40,77,Corrosion,Oblivious,salandit.png
salazzle,758,Salazzle,"Poison, Fire",68,64,60,111,60,117,Corrosion,Oblivious,salazzle.png
stufful,759,Stufful,"Normal, Fighting",70,75,50,45,50,50,Fluffy,Cute Charm,stufful.png
bewear,760,Bewear,"Normal, Fighting",120,125,80,55,60,60,Fluffy,Unnerve,bewear.png
bounsweet,761,Bounsweet,Grass,42,30,38,30,38,32,Leaf Guard,Sweet Veil,bounsweet.png
steenee,762,Steenee,Grass,52,40,48,40,48,62,Leaf Guard,Sweet Veil,steenee.png
tsareena,763,Tsareena,Grass,72,120,98,50,98,72,Leaf Guard,Sweet Veil,tsareena.png
comfey,764,Comfey,Fairy,51,52,90,82,110,100,Flower Veil,Natural Cure,comfey.png
oranguru,765,Oranguru,"Normal, Psychic",90,60,80,90,110,60,Inner Focus,Symbiosis,oranguru.png
passimian,766,Passimian,Fighting,100,120,90,40,60,80,Receiver,Defiant,passimian.png
wimpod,767,Wimpod,"Bug, Water",25,35,40,20,30,80,Wimp Out,,wimpod.png
golisopod,768,Golisopod,"Bug, Water",75,125,140,60,90,40,Emergency Exit,,golisopod.png
sandygast,769,Sandygast,"Ghost, Ground",55,55,80,70,45,15,Water Compaction,Sand Veil,sandygast.png
palossand,770,Palossand,"Ghost, Ground",85,75,110,100,75,35,Water Compaction,Sand Veil,palossand.png
pyukumuku,771,Pyukumuku,Water,55,60,130,30,130,5,Innards Out,Unaware,pyukumuku.png
typenull,772,'Type: Null',Normal,95,95,95,95,95,59,Battle Armor,,type-null.png
silvally,773,Silvally,Normal,95,95,95,95,95,95,RKS System,,silvally.png
minior,774,Minior,"Rock, Flying",60,100,60,100,60,120,Shields Down,,minior.png
komala,775,Komala,Normal,65,115,65,75,95,65,Comatose,,komala.png
turtonator,776,Turtonator,"Fire, Dragon",60,78,135,91,85,36,Shell Armor,,turtonator.png
togedemaru,777,Togedemaru,"Electric, Steel",65,98,63,40,73,96,Iron Barbs,Sturdy,togedemaru.png
mimikyu,778,Mimikyu,"Ghost, Fairy",55,90,80,50,105,96,Disguise,,mimikyu.png
bruxish,779,Bruxish,"Water, Psychic",68,105,70,70,70,92,Dazzling,Wonder Skin,bruxish.png
drampa,780,Drampa,"Normal, Dragon",78,60,85,135,91,36,Berserk,Cloud Nine,drampa.png
dhelmise,781,Dhelmise,"Ghost, Grass",70,131,100,86,90,40,Steelworker,,dhelmise.png
jangmoo,782,Jangmo-o,Dragon,45,55,65,45,45,45,Bulletproof,Overcoat,jangmo-o.png
hakamoo,783,Hakamo-o,"Dragon, Fighting",55,75,90,65,70,65,Bulletproof,Overcoat,hakamo-o.png
kommoo,784,Kommo-o,"Dragon, Fighting",75,110,125,100,105,85,Bulletproof,Overcoat,kommo-o.png
tapukoko,785,Tapu Koko,"Electric, Fairy",70,115,85,95,75,130,Electric Surge,Telepathy,tapu-koko.png
tapulele,786,Tapu Lele,"Psychic, Fairy",70,85,75,130,115,95,Psychic Surge,Telepathy,tapu-lele.png
tapubulu,787,Tapu Bulu,"Grass, Fairy",70,130,115,85,95,75,Grassy Surge,Telepathy,tapu-bulu.png
tapufini,788,Tapu Fini,"Water, Fairy",70,75,115,95,130,85,Misty Surge,Telepathy,tapu-fini.png
cosmog,789,Cosmog,Psychic,43,29,31,29,31,37,Unaware,,cosmog.png
cosmoem,790,Cosmoem,Psychic,43,29,131,29,131,37,Sturdy,,cosmoem.png
solgaleo,791,Solgaleo,"Psychic, Steel",137,137,107,113,89,97,Full Metal Body,,solgaleo.png
lunala,792,Lunala,"Psychic, Ghost",137,113,89,137,107,97,Shadow Shield,,lunala.png
nihilego,793,Nihilego,"Rock, Poison",109,53,47,127,131,103,Beast Boost,,nihilego.png
buzzwole,794,Buzzwole,"Bug, Fighting",107,139,139,53,53,79,Beast Boost,,buzzwole.png
pheromosa,795,Pheromosa,"Bug, Fighting",71,137,37,137,37,151,Beast Boost,,pheromosa.png
xurkitree,796,Xurkitree,Electric,83,89,71,173,71,83,Beast Boost,,xurkitree.png
celesteela,797,Celesteela,"Steel, Flying",97,101,103,107,101,61,Beast Boost,,celesteela.png
kartana,798,Kartana,"Grass, Steel",59,181,131,59,31,109,Beast Boost,,kartana.png
guzzlord,799,Guzzlord,"Dark, Dragon",223,101,53,97,53,43,Beast Boost,,guzzlord.png
necrozma,800,Necrozma,Psychic,97,107,101,127,89,79,Prism Armor,,necrozma.png
magearna,801,Magearna,"Steel, Fairy",80,95,115,130,115,65,Soul-Heart,,magearna.png
marshadow,802,Marshadow,"Fighting, Ghost",90,125,80,90,90,125,Technician,,marshadow.png
poipole,803,Poipole,Poison,67,73,67,73,67,73,Beast Boost,,poipole.png
naganadel,804,Naganadel,"Poison, Dragon",73,73,73,127,73,121,Beast Boost,,naganadel.png
stakataka,805,Stakataka,"Rock, Steel",61,131,211,53,101,13,Beast Boost,,stakataka.png
blacephalon,806,Blacephalon,"Fire, Ghost",53,127,53,151,79,107,Beast Boost,,blacephalon.png
zeraora,807,Zeraora,Electric,88,112,75,102,80,143,Volt Absorb,,zeraora.png
meltan,808,Meltan,Steel,46,65,65,55,35,34,Magnet Pull,,meltan.png
melmetal,809,Melmetal,Steel,135,143,143,80,65,34,Iron Fist,,melmetal.png
grookey,810,Grookey,Grass,50,65,50,40,40,65,Overgrow,Grassy Surge,grookey.png
thwackey,811,Thwackey,Grass,70,85,70,55,60,80,Overgrow,Grassy Surge,thwackey.png
rillaboom,812,Rillaboom,Grass,100,125,90,60,70,85,Overgrow,Grassy Surge,rillaboom.png
scorbunny,813,Scorbunny,Fire,50,71,40,40,40,69,Blaze,Libero,scorbunny.png
raboot,814,Raboot,Fire,65,86,60,55,60,94,Blaze,Libero,raboot.png
cinderace,815,Cinderace,Fire,80,116,75,65,75,119,Blaze,Libero,cinderace.png
sobble,816,Sobble,Water,50,40,40,70,40,70,Torrent,Sniper,sobble.png
drizzile,817,Drizzile,Water,65,60,55,95,55,90,Torrent,Sniper,drizzile.png
inteleon,818,Inteleon,Water,70,85,65,125,65,120,Torrent,Sniper,inteleon.png
skwovet,819,Skwovet,Normal,70,55,55,35,35,25,Cheek Pouch,Gluttony,skwovet.png
greedent,820,Greedent,Normal,120,95,95,55,75,20,Cheek Pouch,Gluttony,greedent.png
rookidee,821,Rookidee,Flying,38,47,35,33,35,57,Keen Eye,Big Pecks,rookidee.png
corvisquire,822,Corvisquire,Flying,68,67,55,43,55,77,Keen Eye,Big Pecks,corvisquire.png
corviknight,823,Corviknight,"Flying, Steel",98,87,105,53,85,67,Pressure,Mirror Armor,corviknight.png
blipbug,824,Blipbug,Bug,25,20,20,25,45,45,Swarm,Telepathy,blipbug.png
dottler,825,Dottler,"Bug, Psychic",50,35,80,50,90,30,Swarm,Telepathy,dottler.png
orbeetle,826,Orbeetle,"Bug, Psychic",60,45,110,80,120,90,Swarm,Telepathy,orbeetle.png
nickit,827,Nickit,Dark,40,28,28,47,52,50,Run Away,Stakeout,nickit.png
thievul,828,Thievul,Dark,70,58,58,87,92,90,Run Away,Stakeout,thievul.png
gossifleur,829,Gossifleur,Grass,40,40,60,40,60,10,Cotton Down,Effect Spore,gossifleur.png
eldegoss,830,Eldegoss,Grass,60,50,90,80,120,60,Cotton Down,Effect Spore,eldegoss.png
wooloo,831,Wooloo,Normal,42,40,55,40,45,48,Fluffy,Bulletproof,wooloo.png
dubwool,832,Dubwool,Normal,72,80,100,60,90,88,Fluffy,Bulletproof,dubwool.png
chewtle,833,Chewtle,Water,50,64,50,38,38,44,Strong Jaw,Swift Swim,chewtle.png
drednaw,834,Drednaw,"Water, Rock",90,115,90,48,68,74,Strong Jaw,Swift Swim,drednaw.png
yamper,835,Yamper,Electric,59,45,50,40,50,26,Ball Fetch,Rattled,yamper.png
boltund,836,Boltund,Electric,69,90,60,90,60,121,Strong Jaw,Competitive,boltund.png
rolycoly,837,Rolycoly,Rock,30,40,50,40,50,30,Steam Engine,Flash Fire,rolycoly.png
carkol,838,Carkol,"Rock, Fire",80,60,90,60,70,50,Steam Engine,Flash Fire,carkol.png
coalossal,839,Coalossal,"Rock, Fire",110,80,120,80,90,30,Steam Engine,Flash Fire,coalossal.png
applin,840,Applin,"Grass, Dragon",40,40,80,40,40,20,Ripen,Bulletproof,applin.png
flapple,841,Flapple,"Grass, Dragon",70,110,80,95,60,70,Ripen,Hustle,flapple.png
appletun,842,Appletun,"Grass, Dragon",110,85,80,100,80,30,Ripen,Thick Fat,appletun.png
silicobra,843,Silicobra,Ground,52,57,75,35,50,46,Sand Spit,Sand Veil,silicobra.png
sandaconda,844,Sandaconda,Ground,72,107,125,65,70,71,Sand Spit,Sand Veil,sandaconda.png
cramorant,845,Cramorant,"Flying, Water",70,85,55,85,95,85,Gulp Missile,,cramorant.png
arrokuda,846,Arrokuda,Water,41,63,40,40,30,66,Swift Swim,Propeller Tail,arrokuda.png
barraskewda,847,Barraskewda,Water,61,123,60,60,50,136,Swift Swim,Propeller Tail,barraskewda.png
toxel,848,Toxel,"Electric, Poison",40,38,35,54,35,40,Rattled,Klutz,toxel.png
toxtricity,849,Toxtricity,"Electric, Poison",75,98,70,114,70,75,Punk Rock,Technician,toxtricity.png
sizzlipede,850,Sizzlipede,"Fire, Bug",50,65,45,50,50,45,Flash Fire,Flame Body,sizzlipede.png
centiskorch,851,Centiskorch,"Fire, Bug",100,115,65,90,90,65,Flash Fire,Flame Body,centiskorch.png
clobbopus,852,Clobbopus,Fighting,50,68,60,50,50,32,Limber,Technician,clobbopus.png
grapploct,853,Grapploct,Fighting,80,118,90,70,80,42,Limber,Technician,grapploct.png
sinistea,854,Sinistea,Ghost,40,45,45,74,54,50,Weak Armor,Cursed Body,sinistea.png
polteageist,855,Polteageist,Ghost,60,65,65,134,114,70,Weak Armor,Cursed Body,polteageist.png
hatenna,856,Hatenna,Psychic,42,30,45,56,53,39,Healer,Magic Bounce,hatenna.png
hattrem,857,Hattrem,Psychic,57,40,65,86,73,49,Healer,Magic Bounce,hattrem.png
hatterene,858,Hatterene,"Psychic, Fairy",57,90,95,136,103,29,Healer,Magic Bounce,hatterene.png
impidimp,859,Impidimp,"Dark, Fairy",45,45,30,55,40,50,Prankster,Pickpocket,impidimp.png
morgrem,860,Morgrem,"Dark, Fairy",65,60,45,75,55,70,Prankster,Pickpocket,morgrem.png
grimmsnarl,861,Grimmsnarl,"Dark, Fairy",95,120,65,95,75,60,Prankster,Pickpocket,grimmsnarl.png
obstagoon,862,Obstagoon,"Dark, Normal",93,90,101,60,81,95,Reckless,Defiant,obstagoon.png
perrserker,863,Perrserker,Steel,70,110,100,50,60,50,Battle Armor,Steely Spirit,perrserker.png
cursola,864,Cursola,Ghost,60,95,50,145,130,30,Weak Armor,Perish Body,cursola.png
sirfetchd,865,Sirfetchd,Fighting,62,135,95,68,82,65,Steadfast,Scrappy,sirfetchd.png
mrrime,866,Mr. Rime,"Ice, Psychic",80,85,75,110,100,70,Tangled Feet,Ice Body,mr-rime.png
runerigus,867,Runerigus,"Ground, Ghost",58,95,145,50,105,30,Wandering Spirit,,runerigus.png
milcery,868,Milcery,Fairy,45,40,40,50,61,34,Sweet Veil,Aroma Veil,milcery.png
alcremie,869,Alcremie,Fairy,65,60,75,110,121,64,Sweet Veil,Aroma Veil,alcremie.png
falinks,870,Falinks,Fighting,65,100,100,70,60,75,Battle Armor,Defiant,falinks.png
pincurchin,871,Pincurchin,Electric,48,101,95,91,85,15,Lightning Rod,Electric Surge,pincurchin.png
snom,872,Snom,"Ice, Bug",30,25,35,45,30,20,Shield Dust,Ice Scales,snom.png
frosmoth,873,Frosmoth,"Ice, Bug",70,65,60,125,90,65,Shield Dust,Ice Scales,frosmoth.png
stonjourner,874,Stonjourner,Rock,100,125,135,20,20,70,Power Spot,,stonjourner.png
eiscue,875,Eiscue,Ice,75,80,110,65,90,50,Ice Face,,eiscue.png
indeedee,876,Indeedee,"Psychic, Normal",60,65,55,105,95,95,Inner Focus,Psychic Surge,indeedee.png
morpeko,877,Morpeko,"Electric, Dark",58,95,58,70,58,97,Hunger Switch,,morpeko.png
cufant,878,Cufant,Steel,72,80,49,40,49,40,Sheer Force,Heavy Metal,cufant.png
copperajah,879,Copperajah,Steel,122,130,69,80,69,30,Sheer Force,Heavy Metal,copperajah.png
dracozolt,880,Dracozolt,"Electric, Dragon",90,100,90,80,70,75,Volt Absorb,Sand Rush,dracozolt.png
arctozolt,881,Arctozolt,"Electric, Ice",90,100,90,90,80,55,Volt Absorb,Slush Rush,arctozolt.png
dracovish,882,Dracovish,"Water, Dragon",90,90,100,70,80,75,Water Absorb,Sand Rush,dracovish.png
arctovish,883,Arctovish,"Water, Ice",90,90,100,80,90,55,Water Absorb,Slush Rush,arctovish.png
duraludon,884,Duraludon,"Steel, Dragon",70,95,115,120,50,85,Light Metal,Stalwart,duraludon.png
dreepy,885,Dreepy,"Dragon, Ghost",28,60,30,40,30,82,Clear Body,Cursed Body,dreepy.png
drakloak,886,Drakloak,"Dragon, Ghost",68,80,50,60,50,102,Clear Body,Cursed Body,drakloak.png
dragapult,887,Dragapult,"Dragon, Ghost",88,120,75,100,75,142,Clear Body,Cursed Body,dragapult.png
zacian,888,Zacian,Fairy,92,120,115,80,115,138,Intrepid Sword,,zacian.png
zamazenta,889,Zamazenta,Fighting,92,120,115,80,115,138,Dauntless Shield,,zamazenta.png
eternatus,890,Eternatus,"Poison, Dragon",140,85,95,145,95,130,Pressure,,eternatus.png
kubfu,891,Kubfu,Fighting,60,90,60,53,50,72,Inner Focus,,kubfu.png
urshifu,892,Urshifu,"Fighting, Dark",100,130,100,63,60,97,Unseen Fist,,urshifu.png
zarude,893,Zarude,"Dark, Grass",105,120,105,70,95,105,Leaf Guard,,zarude.png
regieleki,894,Regieleki,Electric,80,100,50,100,50,200,Transistor,,regieleki.png
regidrago,895,Regidrago,Dragon,200,100,50,100,50,80,Dragon's Maw,,regidrago.png
glastrier,896,Glastrier,Ice,100,145,130,65,110,30,Chilling Neigh,,glastrier.png
spectrier,897,Spectrier,Ghost,100,65,60,145,80,130,Grim Neigh,,spectrier.png
calyrex,898,Calyrex,"Psychic, Grass",100,80,80,80,80,80,Unnerve,,calyrex.png
wyrdeer,899,Wyrdeer,"Normal, Psychic",103,105,72,105,75,65,Intimidate,Sap Sipper,wyrdeer.png
kleavor,900,Kleavor,"Bug, Rock",70,135,95,45,70,85,Swarm,Sharpness,kleavor.png
ursaluna,901,Ursaluna,"Ground, Normal",130,140,105,45,80,50,Guts,Unnerve,ursaluna.png
basculegion,902,Basculegion,"Water, Ghost",120,112,65,80,75,78,Swift Swim,Mold Breaker,basculegion.png
sneasler,903,Sneasler,"Fighting, Poison",80,130,60,40,80,120,Pressure,Poison Touch,sneasler.png
overqwil,904,Overqwil,"Dark, Poison",85,115,95,65,65,85,Poison Point,Intimidate,overqwil.png
enamorus,905,Enamorus,"Fairy, Flying",74,115,70,135,80,106,Cute Charm,Contrary,enamorus.png
sprigatito,906,Sprigatito,Grass,40,61,54,45,45,65,Overgrow,Protean,sprigatito.png
floragato,907,Floragato,Grass,61,80,63,60,63,83,Overgrow,Protean,floragato.png
meowscarada,908,Meowscarada,"Grass, Dark",76,110,70,81,70,123,Overgrow,Protean,meowscarada.png
fuecoco,909,Fuecoco,Fire,67,45,59,63,40,36,Blaze,Unaware,fuecoco.png
crocalor,910,Crocalor,Fire,81,55,78,90,58,49,Blaze,Unaware,crocalor.png
skeledirge,911,Skeledirge,"Fire, Ghost",104,75,100,110,75,66,Blaze,Unaware,skeledirge.png
quaxly,912,Quaxly,Water,55,65,45,50,45,50,Torrent,Moxie,quaxly.png
quaxwell,913,Quaxwell,Water,70,85,65,65,60,65,Torrent,Moxie,quaxwell.png
quaquaval,914,Quaquaval,"Water, Fighting",85,120,80,85,75,85,Torrent,Moxie,quaquaval.png
lechonk,915,Lechonk,Normal,54,45,40,35,45,35,Aroma Veil,Thick Fat,lechonk.png
oinkologne,916,Oinkologne,Normal,110,100,75,59,80,65,Lingering Aroma,Thick Fat,oinkologne.png
tarountula,917,Tarountula,Bug,35,41,45,29,40,20,Insomnia,Stakeout,tarountula.png
spidops,918,Spidops,Bug,60,79,92,52,86,35,Insomnia,Stakeout,spidops.png
nymble,919,Nymble,Bug,33,46,40,21,25,45,Swarm,Tinted Lens,nymble.png
lokix,920,Lokix,"Bug, Dark",71,102,78,52,55,92,Swarm,Tinted Lens,lokix.png
pawmi,921,Pawmi,Electric,45,50,20,40,25,60,Static,Iron Fist,pawmi.png
pawmo,922,Pawmo,"Electric, Fighting",60,75,40,50,40,85,Volt Absorb,Iron Fist,pawmo.png
pawmot,923,Pawmot,"Electric, Fighting",70,115,70,70,60,105,Volt Absorb,Iron Fist,pawmot.png
tandemaus,924,Tandemaus,Normal,50,50,45,40,45,75,Run Away,Own Tempo,tandemaus.png
maushold,925,Maushold,Normal,74,75,70,65,75,111,Friend Guard,Technician,maushold.png
fidough,926,Fidough,Fairy,37,55,70,30,55,65,Own Tempo,Klutz,fidough.png
dachsbun,927,Dachsbun,Fairy,57,80,115,50,80,95,Well-Baked Body,Aroma Veil,dachsbun.png
smoliv,928,Smoliv,"Grass, Normal",41,35,45,58,51,30,Early Bird,Harvest,smoliv.png
dolliv,929,Dolliv,"Grass, Normal",52,53,60,78,78,33,Early Bird,Harvest,dolliv.png
arboliva,930,Arboliva,"Grass, Normal",78,69,90,125,109,39,Seed Sower,Harvest,arboliva.png
squawkabilly,931,Squawkabilly,"Normal, Flying",82,96,51,45,51,92,Intimidate,Guts,squawkabilly.png
nacli,932,Nacli,Rock,55,55,75,35,35,25,Purifying Salt,Clear Body,nacli.png
naclstack,933,Naclstack,Rock,60,60,100,35,65,35,Purifying Salt,Clear Body,naclstack.png
garganacl,934,Garganacl,Rock,100,100,130,45,90,35,Purifying Salt,Clear Body,garganacl.png
charcadet,935,Charcadet,Fire,40,50,40,50,40,35,Flash Fire,Flame Body,charcadet.png
armarouge,936,Armarouge,"Fire, Psychic",85,60,100,125,80,75,Flash Fire,Weak Armor,armarouge.png
ceruledge,937,Ceruledge,"Fire, Ghost",75,125,80,60,100,85,Flash Fire,Weak Armor,ceruledge.png
tadbulb,938,Tadbulb,Electric,61,31,41,59,35,45,Own Tempo,Damp,tadbulb.png
bellibolt,939,Bellibolt,Electric,109,64,91,103,83,45,Electromorphosis,Damp,bellibolt.png
wattrel,940,Wattrel,"Electric, Flying",40,40,35,55,40,70,Wind Power,Competitive,wattrel.png
kilowattrel,941,Kilowattrel,"Electric, Flying",70,70,60,105,60,125,Wind Power,Competitive,kilowattrel.png
maschiff,942,Maschiff,Dark,60,78,60,40,51,51,Intimidate,Stakeout,maschiff.png
mabosstiff,943,Mabosstiff,Dark,80,120,90,60,70,85,Intimidate,Stakeout,mabosstiff.png
shroodle,944,Shroodle,"Poison, Normal",40,65,35,40,35,75,Unburden,Prankster,shroodle.png
grafaiai,945,Grafaiai,"Poison, Normal",63,95,65,80,72,110,Unburden,Prankster,grafaiai.png
bramblin,946,Bramblin,"Grass, Ghost",40,65,30,45,35,60,Wind Rider,Infiltrator,bramblin.png
brambleghast,947,Brambleghast,"Grass, Ghost",55,115,70,80,70,90,Wind Rider,Infiltrator,brambleghast.png
toedscool,948,Toedscool,"Ground, Grass",40,40,35,50,100,70,Mycelium Might,,toedscool.png
toedscruel,949,Toedscruel,"Ground, Grass",80,70,65,80,120,100,Mycelium Might,,toedscruel.png
klawf,950,Klawf,Rock,70,100,115,35,55,75,Anger Shell,Regenerator,klawf.png
capsakid,951,Capsakid,Grass,50,62,40,62,40,50,Chlorophyll,Klutz,capsakid.png
scovillain,952,Scovillain,"Grass, Fire",65,108,65,108,65,75,Chlorophyll,Moody,scovillain.png
rellor,953,Rellor,Bug,41,50,60,31,58,30,Compound Eyes,Shed Skin,rellor.png
rabsca,954,Rabsca,"Bug, Psychic",75,50,85,115,100,45,Synchronize,Telepathy,rabsca.png
flittle,955,Flittle,Psychic,30,35,30,55,30,75,Anticipation,Speed Boost,flittle.png
espathra,956,Espathra,Psychic,95,60,60,101,60,105,Opportunist,Speed Boost,espathra.png
tinkatink,957,Tinkatink,"Fairy, Steel",50,45,45,35,64,58,Mold Breaker,Pickpocket,tinkatink.png
tinkatuff,958,Tinkatuff,"Fairy, Steel",65,55,55,45,82,78,Mold Breaker,Pickpocket,tinkatuff.png
tinkaton,959,Tinkaton,"Fairy, Steel",85,75,77,70,105,94,Mold Breaker,Pickpocket,tinkaton.png
wiglett,960,Wiglett,Water,10,55,25,35,25,95,Gooey,Sand Veil,wiglett.png
wugtrio,961,Wugtrio,Water,35,100,50,50,70,120,Gooey,Sand Veil,wugtrio.png
bombirdier,962,Bombirdier,"Flying, Dark",70,103,85,60,85,82,Big Pecks,Rocky Payload,bombirdier.png
finizen,963,Finizen,Water,70,45,40,45,40,75,Water Veil,,finizen.png
palafin,964,Palafin,Water,100,70,72,53,62,100,Zero to Hero,,palafin.png
varoom,965,Varoom,"Steel, Poison",45,70,63,30,45,47,Overcoat,Slow Start,varoom.png
revavroom,966,Revavroom,"Steel, Poison",80,119,90,54,67,90,Overcoat,Filter,revavroom.png
cyclizar,967,Cyclizar,"Dragon, Normal",70,95,65,85,65,121,Shed Skin,Regenerator,cyclizar.png
orthworm,968,Orthworm,Steel,70,85,145,60,55,65,Earth Eater,Sand Veil,orthworm.png
glimmet,969,Glimmet,"Rock, Poison",48,35,42,105,60,60,Toxic Debris,Corrosion,glimmet.png
glimmora,970,Glimmora,"Rock, Poison",83,55,90,130,81,86,Toxic Debris,Corrosion,glimmora.png
greavard,971,Greavard,Ghost,50,61,60,30,55,34,Pickup,Fluffy,greavard.png
houndstone,972,Houndstone,Ghost,72,101,100,50,97,68,Sand Rush,Fluffy,houndstone.png
flamigo,973,Flamigo,"Flying, Fighting",82,115,74,75,64,90,Scrappy,Costar,flamigo.png
cetoddle,974,Cetoddle,Ice,108,68,45,30,40,43,Thick Fat,Sheer Force,cetoddle.png
cetitan,975,Cetitan,Ice,170,113,65,45,55,73,Thick Fat,Sheer Force,cetitan.png
veluza,976,Veluza,"Water, Psychic",90,102,73,78,65,70,Mold Breaker,Sharpness,veluza.png
dondozo,977,Dondozo,Water,150,100,115,65,65,35,Unaware,Water Veil,dondozo.png
tatsugiri,978,Tatsugiri,"Dragon, Water",68,50,60,120,95,82,Commander,Storm Drain,tatsugiri.png
annihilape,979,Annihilape,"Fighting, Ghost",110,115,80,50,90,90,Vital Spirit,Defiant,annihilape.png
clodsire,980,Clodsire,"Poison, Ground",130,75,60,45,100,20,Poison Point,Unaware,clodsire.png
farigiraf,981,Farigiraf,"Normal, Psychic",120,90,70,110,70,60,Cud Chew,Sap Sipper,farigiraf.png
dudunsparce,982,Dudunsparce,Normal,125,100,80,85,75,55,Serene Grace,Rattled,dudunsparce.png
kingambit,983,Kingambit,"Dark, Steel",100,135,120,60,85,50,Defiant,Pressure,kingambit.png
greattusk,984,Great Tusk,"Ground, Fighting",115,131,131,53,53,87,Protosynthesis,,great-tusk.png
screamtail,985,Scream Tail,"Fairy, Psychic",115,65,99,65,115,111,Protosynthesis,,scream-tail.png
brutebonnet,986,Brute Bonnet,"Grass, Dark",111,127,99,79,99,55,Protosynthesis,,brute-bonnet.png
fluttermane,987,Flutter Mane,"Ghost, Fairy",55,55,55,135,135,135,Protosynthesis,,flutter-mane.png
slitherwing,988,Slither Wing,"Bug, Fighting",85,135,79,85,105,81,Protosynthesis,,slither-wing.png
sandyshocks,989,Sandy Shocks,"Electric, Ground",85,81,97,121,85,101,Protosynthesis,,sandy-shocks.png
irontreads,990,Iron Treads,"Ground, Steel",90,112,120,72,70,106,Quark Drive,,iron-treads.png
ironbundle,991,Iron Bundle,"Ice, Water",56,80,114,124,60,136,Quark Drive,,iron-bundle.png
ironhands,992,Iron Hands,"Fighting, Electric",154,140,108,50,68,50,Quark Drive,,iron-hands.png
ironjugulis,993,Iron Jugulis,"Dark, Flying",94,80,86,122,80,108,Quark Drive,,iron-jugulis.png
ironmoth,994,Iron Moth,"Fire, Poison",80,70,60,140,110,110,Quark Drive,,iron-moth.png
ironthorns,995,Iron Thorns,"Rock, Electric",100,134,110,70,84,72,Quark Drive,,iron-thorns.png
frigibax,996,Frigibax,"Dragon, Ice",65,75,45,35,45,55,Thermal Exchange,Ice Body,frigibax.png
arctibax,997,Arctibax,"Dragon, Ice",90,95,66,45,65,62,Thermal Exchange,Ice Body,arctibax.png
baxcalibur,998,Baxcalibur,"Dragon, Ice",115,145,92,75,86,87,Thermal Exchange,Ice Body,baxcalibur.png
gimmighoul,999,Gimmighoul,Ghost,45,30,70,75,70,10,Rattled,,gimmighoul.png
gholdengo,1000,Gholdengo,"Steel, Ghost",87,60,95,133,91,84,Good as Gold,,gholdengo.png
wochien,1001,Wo-Chien,"Dark, Grass",85,85,100,95,135,70,Tablets of Ruin,,wo-chien.png
chienpao,1002,Chien-Pao,"Dark, Ice",80,120,80,90,65,135,Sword of Ruin,,chien-pao.png
tinglu,1003,Ting-Lu,"Dark, Ground",155,110,125,55,80,45,Vessel of Ruin,,ting-lu.png
chiyu,1004,Chi-Yu,"Dark, Fire",55,80,80,135,120,100,Beads of Ruin,,chi-yu.png
roaringmoon,1005,Roaring Moon,"Dragon, Dark",105,139,71,55,101,119,Protosynthesis,,roaring-moon.png
ironvaliant,1006,Iron Valiant,"Fairy, Fighting",74,130,90,120,60,116,Quark Drive,,iron-valiant.png
koraidon,1007,Koraidon,"Fighting, Dragon",100,135,115,85,100,135,Orichalcum Pulse,,koraidon.png
miraidon,1008,Miraidon,"Electric, Dragon",100,85,100,135,115,135,Hadron Engine,,miraidon.png
walkingwake,1009,Walking Wake,"Water, Dragon",99,83,91,125,83,109,Protosynthesis,,walking-wake.png
ironleaves,1010,Iron Leaves,"Grass, Psychic",90,130,88,70,108,104,Quark Drive,,iron-leaves.png
dipplin,1011,Dipplin,"Grass, Dragon",80,80,110,95,80,40,Supersweet Syrup,Sticky Hold,dipplin.png
poltchageist,1012,Poltchageist,"Grass, Ghost",40,45,45,74,54,50,Hospitality,Heatproof,poltchageist.png
sinistcha,1013,Sinistcha,"Grass, Ghost",71,60,106,121,80,70,Hospitality,Heatproof,sinistcha.png
okidogi,1014,Okidogi,"Poison, Fighting",88,128,115,58,86,80,Toxic Chain,Guard Dog,okidogi.png
munkidori,1015,Munkidori,"Poison, Psychic",88,75,66,130,90,106,Toxic Chain,Frisk,munkidori.png
fezandipiti,1016,Fezandipiti,"Poison, Fairy",88,91,82,70,125,99,Toxic Chain,Technician,fezandipiti.png
ogerpon,1017,Ogerpon,Grass,80,120,84,60,96,110,Defiant,,ogerpon.png
archaludon,1018,Archaludon,"Steel, Dragon",90,105,130,125,65,85,Stamina,Stalwart,archaludon.png
hydrapple,1019,Hydrapple,"Grass, Dragon",106,80,110,120,80,44,Supersweet Syrup,Sticky Hold,hydrapple.png
gougingfire,1020,Gouging Fire,"Fire, Dragon",105,115,121,65,93,91,Protosynthesis,,gouging-fire.png
ragingbolt,1021,Raging Bolt,"Electric, Dragon",125,73,91,137,89,75,Protosynthesis,,raging-bolt.png
ironboulder,1022,Iron Boulder,"Rock, Psychic",90,120,80,68,108,124,Quark Drive,,iron-boulder.png
ironcrown,1023,Iron Crown,"Steel, Psychic",90,72,100,122,108,98,Quark Drive,,iron-crown.png
terapagos,1024,Terapagos,Normal,90,65,85,65,85,60,Tera Shift,,terapagos.png
pecharunt,1025,Pecharunt,"Poison, Ghost",88,88,160,88,88,88,Poison Puppeteer,,pecharunt.png
